-- Active: 1706174341595@@127.0.0.1@5435@educonnect
-- Subject
INSERT INTO "subject" (name) VALUES ('Ngữ Văn 10');

INSERT INTO "subject" (name) VALUES ('Toán 10');

INSERT INTO "subject" (name) VALUES ('Ngoại ngữ 10');

INSERT INTO "subject" (name) VALUES ('Lịch sử 10');

INSERT INTO "subject" (name) VALUES ('Địa lí 10');

INSERT INTO "subject" (name) VALUES ('Vật lí 10');

INSERT INTO "subject" (name) VALUES ('Hóa học 10');

INSERT INTO "subject" (name) VALUES ('Sinh học 10');

INSERT INTO "subject" (name) VALUES ('Giáo công dân 10');

INSERT INTO
    "subject" (name)
VALUES (
        'Giáo dục quốc phòng và an ninh 10'
    );

INSERT INTO "subject" (name) VALUES ('Công nghệ 10');

INSERT INTO "subject" (name) VALUES ('Tin học 10');

INSERT INTO "subject" (name) VALUES ('Giáo dục thể chất 10');

INSERT INTO "subject" (name) VALUES ('Ngữ Văn 11');

INSERT INTO "subject" (name) VALUES ('Toán 11');

INSERT INTO "subject" (name) VALUES ('Ngoại ngữ 11');

INSERT INTO "subject" (name) VALUES ('Lịch sử 11');

INSERT INTO "subject" (name) VALUES ('Địa lí 11');

INSERT INTO "subject" (name) VALUES ('Vật lí 11');

INSERT INTO "subject" (name) VALUES ('Hóa học 11');

INSERT INTO "subject" (name) VALUES ('Sinh học 11');

INSERT INTO "subject" (name) VALUES ('Giáo công dân 11');

INSERT INTO
    "subject" (name)
VALUES (
        'Giáo dục quốc phòng và an ninh 11'
    );

INSERT INTO "subject" (name) VALUES ('Công nghệ 11');

INSERT INTO "subject" (name) VALUES ('Tin học 11');

INSERT INTO "subject" (name) VALUES ('Giáo dục thể chất 11');

INSERT INTO "subject" (name) VALUES ('Ngữ Văn 12');

INSERT INTO "subject" (name) VALUES ('Toán 12');

INSERT INTO "subject" (name) VALUES ('Ngoại ngữ 12');

INSERT INTO "subject" (name) VALUES ('Lịch sử 12');

INSERT INTO "subject" (name) VALUES ('Địa lí 12');

INSERT INTO "subject" (name) VALUES ('Vật lí 12');

INSERT INTO "subject" (name) VALUES ('Hóa học 12');

INSERT INTO "subject" (name) VALUES ('Sinh học 12');

INSERT INTO "subject" (name) VALUES ('Giáo công dân 12');

INSERT INTO
    "subject" (name)
VALUES (
        'Giáo dục quốc phòng và an ninh 12'
    );

INSERT INTO "subject" (name) VALUES ('Công nghệ 12');

INSERT INTO "subject" (name) VALUES ('Tin học 12');

INSERT INTO "subject" (name) VALUES ('Giáo dục thể chất 12');

-- Parent
INSERT INTO "parent" (id) VALUES (10), (11), (12);

INSERT INTO "teacher" (id) VALUES (15);

-- School
INSERT INTO
    "school" (address, name)
VALUES ('Quận 1', 'THPT Bùi Thị Xuân');

INSERT INTO
    "school" (address, name)
VALUES ('Quận 1', 'THPT Trưng Vương');

INSERT INTO
    "school" (address, name)
VALUES ('Quận 1', 'THPT Ten Lơ Man');

INSERT INTO
    "school" (address, name)
VALUES (
        'Quận 1', 'THPT Lương Thế Vinh'
    );

INSERT INTO
    "school" (address, name)
VALUES (
        'Quận 1', 'THPT Năng Khiếu TDTT'
    );

INSERT INTO
    "school" (address, name)
VALUES (
        'Quận 1', 'THPT Chuyên Trần Đại Nghĩa'
    );

INSERT INTO
    "school" (address, name)
VALUES (
        'Quận 1', 'Phổ thông Năng Khiếu Thể Thao Olympic'
    );

INSERT INTO
    "school" (address, name)
VALUES (
        'Quận 1', 'Trường TH - THCS -THPT Anh Quốc'
    );

INSERT INTO
    "school" (address, name)
VALUES (
        'TP Thủ Đức Khu vực 1 (Quận 2 cũ)', 'THPT Thủ Thiêm'
    );

INSERT INTO
    "school" (address, name)
VALUES (
        'TP Thủ Đức Khu vực 1 (Quận 2 cũ)', 'THPT Giồng Ông Tố'
    );

INSERT INTO
    "school" (address, name)
VALUES (
        'Quận 3', 'THPT Nguyễn Thị Minh Khai'
    );

INSERT INTO
    "school" (address, name)
VALUES ('Quận 3', 'THPT Lê Quí Đôn');

INSERT INTO
    "school" (address, name)
VALUES ('Quận 3', 'THPT Marie Curie');

INSERT INTO
    "school" (address, name)
VALUES (
        'Quận 3', 'THPT Lê Thị Hồng Gấm'
    );

INSERT INTO
    "school" (address, name)
VALUES (
        'Quận 3', 'THPT Nguyễn Thị Diệu'
    );

INSERT INTO
    "school" (address, name)
VALUES ('Quận 4', 'THPT Nguyễn Trãi');

INSERT INTO
    "school" (address, name)
VALUES (
        'Quận 4', 'THPT Nguyễn Hữu Thọ'
    );

INSERT INTO
    "school" (address, name)
VALUES (
        'Quận 5', 'Trung Học Thực Hành Sài Gòn'
    );

INSERT INTO
    "school" (address, name)
VALUES (
        'Quận 5', 'THPT Trần Hữu Trang'
    );

INSERT INTO
    "school" (address, name)
VALUES (
        'Quận 5', 'Phổ Thông Năng Khiếu, ĐHQG-HCM'
    );

INSERT INTO
    "school" (address, name)
VALUES (
        'Quận 5', 'Trung học Thực hành Đại học Sư phạm TP.HCM'
    );

INSERT INTO
    "school" (address, name)
VALUES (
        'Quận 5', 'THPT Chuyên Lê Hồng Phong'
    );

INSERT INTO
    "school" (address, name)
VALUES ('Quận 5', 'THPT Hùng Vương');

INSERT INTO
    "school" (address, name)
VALUES ('Quận 5', 'TH Thực Hành ĐHSP');

INSERT INTO
    "school" (address, name)
VALUES (
        'Quận 5', 'PT Năng Khiếu Đại Học Quốc Gia'
    );

INSERT INTO
    "school" (address, name)
VALUES (
        'Quận 5', 'THPT Trần Khai Nguyên'
    );

INSERT INTO
    "school" (address, name)
VALUES ('Quận 6', 'THPT Mạc Đĩnh Chi');

INSERT INTO
    "school" (address, name)
VALUES ('Quận 6', 'THPT Bình Phú');

INSERT INTO
    "school" (address, name)
VALUES (
        'Quận 6', 'THPT Nguyễn Tất Thành'
    );

INSERT INTO
    "school" (address, name)
VALUES ('Quận 6', 'THPT Phạm Phú Thứ');

INSERT INTO
    "school" (address, name)
VALUES ('Quận 7', 'THPT Nam Sài Gòn');

INSERT INTO
    "school" (address, name)
VALUES ('Quận 7', 'THPT Ngô Quyền');

INSERT INTO
    "school" (address, name)
VALUES (
        'Quận 7', 'Trường Quốc tế Việt Nam - Phần Lan'
    );

INSERT INTO
    "school" (address, name)
VALUES ('Quận 7', 'THPT Tân Phong');

INSERT INTO
    "school" (address, name)
VALUES ('Quận 7', 'THPT Lê Thánh Tôn');

INSERT INTO
    "school" (address, name)
VALUES (
        'Quận 8', 'THPT Nguyễn Văn Linh'
    );

INSERT INTO
    "school" (address, name)
VALUES (
        'Quận 8', 'THPT Lương Văn Can'
    );

INSERT INTO
    "school" (address, name)
VALUES ('Quận 8', 'THPT Ngô Gia Tự');

INSERT INTO
    "school" (address, name)
VALUES ('Quận 8', 'THPT Tạ Quang Bửu');

INSERT INTO
    "school" (address, name)
VALUES ('Quận 8', 'THPT Võ Văn Kiệt');

INSERT INTO
    "school" (address, name)
VALUES (
        'Quận 8', 'THPT Năng khiếu TDTT Nguyễn Thị Định'
    );

INSERT INTO
    "school" (address, name)
VALUES (
        'TP Thủ Đức Khu vực 2 (Quận 9 cũ)', 'THPT Dương Văn Thì'
    );

INSERT INTO
    "school" (address, name)
VALUES (
        'TP Thủ Đức Khu vực 2 (Quận 9 cũ)', 'THPT Phước Long'
    );

INSERT INTO
    "school" (address, name)
VALUES (
        'TP Thủ Đức Khu vực 2 (Quận 9 cũ)', 'THPT Long Trường'
    );

INSERT INTO
    "school" (address, name)
VALUES (
        'TP Thủ Đức Khu vực 2 (Quận 9 cũ)', 'THPT Nguyễn Huệ'
    );

INSERT INTO
    "school" (address, name)
VALUES (
        'TP Thủ Đức Khu vực 2 (Quận 9 cũ)', 'THPT Nguyễn Văn Tăng'
    );

INSERT INTO
    "school" (address, name)
VALUES (
        'Quận 10', 'THPT Nguyễn An Ninh'
    );

INSERT INTO
    "school" (address, name)
VALUES (
        'Quận 10', 'THPT Nguyễn Khuyến'
    );

INSERT INTO
    "school" (address, name)
VALUES ('Quận 10', 'THPT Nguyễn Du');

INSERT INTO
    "school" (address, name)
VALUES (
        'Quận 10', 'THPT SƯƠNG NGUYỆT ANH'
    );

-- CLASS

INSERT INTO
    "classroom" (name, school_id)
VALUES ('10/1', 1),
    ('10/2', 1),
    ('10/3', 1),
    ('10/4', 1),
    ('10/5', 1),
    ('10/6', 1),
    ('10/7', 1),
    ('10/8', 1),
    ('10/9', 1),
    ('10/10', 1),
    ('11/1', 1),
    ('11/2', 1),
    ('11/3', 1),
    ('11/4', 1),
    ('11/5', 1),
    ('11/6', 1),
    ('11/7', 1),
    ('11/8', 1),
    ('11/9', 1),
    ('11/10', 1),
    ('12/1', 1),
    ('12/2', 1),
    ('12/3', 1),
    ('12/4', 1),
    ('12/5', 1),
    ('12/6', 1),
    ('12/7', 1),
    ('12/8', 1),
    ('12/9', 1),
    ('12/10', 1),
    ('10/1', 2),
    ('10/2', 2),
    ('10/3', 2),
    ('10/4', 2),
    ('10/5', 2),
    ('10/6', 2),
    ('10/7', 2),
    ('10/8', 2),
    ('10/9', 2),
    ('10/10', 2),
    ('11/1', 2),
    ('11/2', 2),
    ('11/3', 2),
    ('11/4', 2),
    ('11/5', 2),
    ('11/6', 2),
    ('11/7', 2),
    ('11/8', 2),
    ('11/9', 2),
    ('11/10', 2),
    ('12/1', 2),
    ('12/2', 2),
    ('12/3', 2),
    ('12/4', 2),
    ('12/5', 2),
    ('12/6', 2),
    ('12/7', 2),
    ('12/8', 2),
    ('12/9', 2),
    ('12/10', 2),
    ('10/1', 3),
    ('10/2', 3),
    ('10/3', 3),
    ('10/4', 3),
    ('10/5', 3),
    ('10/6', 3),
    ('10/7', 3),
    ('10/8', 3),
    ('10/9', 3),
    ('10/10', 3),
    ('11/1', 3),
    ('11/2', 3),
    ('11/3', 3),
    ('11/4', 3),
    ('11/5', 3),
    ('11/6', 3),
    ('11/7', 3),
    ('11/8', 3),
    ('11/9', 3),
    ('11/10', 3),
    ('12/1', 3),
    ('12/2', 3),
    ('12/3', 3),
    ('12/4', 3),
    ('12/5', 3),
    ('12/6', 3),
    ('12/7', 3),
    ('12/8', 3),
    ('12/9', 3),
    ('12/10', 3);

INSERT INTO
    "student" (id, parent_id)
VALUES (1, 10),
    (2, 10),
    (3, 10),
    (4, 10),
    (5, 11),
    (6, 11),
    (7, 12),
    (8, 12),
    (9, 12);

-- Transcript
INSERT INTO
    "transcript" (
        "fifteen_minutes_score", "midterm_score", "final_score", "student_id", "subject_id", "semester"
    )
VALUES (10, 9, 9, 1, 1, '1');

INSERT INTO
    "transcript" (
        "fifteen_minutes_score", "midterm_score", "final_score", "student_id", "subject_id", "semester"
    )
VALUES (10, 6, 6, 1, 2, '1');

INSERT INTO
    "transcript" (
        "fifteen_minutes_score", "midterm_score", "final_score", "student_id", "subject_id", "semester"
    )
VALUES (6, 8, 10, 1, 3, '1');

INSERT INTO
    "transcript" (
        "fifteen_minutes_score", "midterm_score", "final_score", "student_id", "subject_id", "semester"
    )
VALUES (9, 10, 6, 1, 4, '1');

INSERT INTO
    "transcript" (
        "fifteen_minutes_score", "midterm_score", "final_score", "student_id", "subject_id", "semester"
    )
VALUES (10, 7, 7, 1, 5, '1');

INSERT INTO
    "transcript" (
        "fifteen_minutes_score", "midterm_score", "final_score", "student_id", "subject_id", "semester"
    )
VALUES (9, 5, 10, 1, 6, '1');

INSERT INTO
    "transcript" (
        "fifteen_minutes_score", "midterm_score", "final_score", "student_id", "subject_id", "semester"
    )
VALUES (7, 9, 10, 1, 7, '1');

INSERT INTO
    "transcript" (
        "fifteen_minutes_score", "midterm_score", "final_score", "student_id", "subject_id", "semester"
    )
VALUES (6, 5, 8, 1, 8, '1');

INSERT INTO
    "transcript" (
        "fifteen_minutes_score", "midterm_score", "final_score", "student_id", "subject_id", "semester"
    )
VALUES (9, 8, 6, 1, 9, '1');

INSERT INTO
    "transcript" (
        "fifteen_minutes_score", "midterm_score", "final_score", "student_id", "subject_id", "semester"
    )
VALUES (9, 5, 6, 1, 10, '1');

INSERT INTO
    "transcript" (
        "fifteen_minutes_score", "midterm_score", "final_score", "student_id", "subject_id", "semester"
    )
VALUES (10, 6, 7, 1, 11, '1');

INSERT INTO
    "transcript" (
        "fifteen_minutes_score", "midterm_score", "final_score", "student_id", "subject_id", "semester"
    )
VALUES (5, 7, 8, 1, 12, '1');

INSERT INTO
    "transcript" (
        "fifteen_minutes_score", "midterm_score", "final_score", "student_id", "subject_id", "semester"
    )
VALUES (8, 10, 8, 1, 13, '1');

INSERT INTO
    "transcript" (
        "fifteen_minutes_score", "midterm_score", "final_score", "student_id", "subject_id", "semester"
    )
VALUES (9, 5, 7, 1, 14, '1');

INSERT INTO
    "transcript" (
        "fifteen_minutes_score", "midterm_score", "final_score", "student_id", "subject_id", "semester"
    )
VALUES (8, 7, 8, 1, 15, '1');

INSERT INTO
    "transcript" (
        "fifteen_minutes_score", "midterm_score", "final_score", "student_id", "subject_id", "semester"
    )
VALUES (6, 6, 9, 1, 16, '1');

INSERT INTO
    "transcript" (
        "fifteen_minutes_score", "midterm_score", "final_score", "student_id", "subject_id", "semester"
    )
VALUES (10, 8, 7, 1, 17, '1');

INSERT INTO
    "transcript" (
        "fifteen_minutes_score", "midterm_score", "final_score", "student_id", "subject_id", "semester"
    )
VALUES (5, 7, 6, 1, 18, '1');

INSERT INTO
    "transcript" (
        "fifteen_minutes_score", "midterm_score", "final_score", "student_id", "subject_id", "semester"
    )
VALUES (10, 9, 7, 1, 19, '1');

INSERT INTO
    "transcript" (
        "fifteen_minutes_score", "midterm_score", "final_score", "student_id", "subject_id", "semester"
    )
VALUES (9, 5, 6, 1, 20, '1');

INSERT INTO
    "transcript" (
        "fifteen_minutes_score", "midterm_score", "final_score", "student_id", "subject_id", "semester"
    )
VALUES (7, 7, 9, 1, 21, '1');

INSERT INTO
    "transcript" (
        "fifteen_minutes_score", "midterm_score", "final_score", "student_id", "subject_id", "semester"
    )
VALUES (8, 5, 6, 1, 22, '1');

INSERT INTO
    "transcript" (
        "fifteen_minutes_score", "midterm_score", "final_score", "student_id", "subject_id", "semester"
    )
VALUES (9, 9, 10, 1, 23, '1');

INSERT INTO
    "transcript" (
        "fifteen_minutes_score", "midterm_score", "final_score", "student_id", "subject_id", "semester"
    )
VALUES (6, 5, 10, 1, 24, '1');

INSERT INTO
    "transcript" (
        "fifteen_minutes_score", "midterm_score", "final_score", "student_id", "subject_id", "semester"
    )
VALUES (6, 9, 10, 1, 25, '1');

INSERT INTO
    "transcript" (
        "fifteen_minutes_score", "midterm_score", "final_score", "student_id", "subject_id", "semester"
    )
VALUES (9, 10, 10, 1, 26, '1');

INSERT INTO
    "transcript" (
        "fifteen_minutes_score", "midterm_score", "final_score", "student_id", "subject_id", "semester"
    )
VALUES (9, 6, 7, 1, 27, '1');

INSERT INTO
    "transcript" (
        "fifteen_minutes_score", "midterm_score", "final_score", "student_id", "subject_id", "semester"
    )
VALUES (6, 9, 6, 1, 28, '1');

INSERT INTO
    "transcript" (
        "fifteen_minutes_score", "midterm_score", "final_score", "student_id", "subject_id", "semester"
    )
VALUES (10, 5, 7, 1, 29, '1');

INSERT INTO
    "transcript" (
        "fifteen_minutes_score", "midterm_score", "final_score", "student_id", "subject_id", "semester"
    )
VALUES (5, 10, 9, 1, 30, '1');

INSERT INTO
    "transcript" (
        "fifteen_minutes_score", "midterm_score", "final_score", "student_id", "subject_id", "semester"
    )
VALUES (8, 5, 8, 1, 31, '1');

INSERT INTO
    "transcript" (
        "fifteen_minutes_score", "midterm_score", "final_score", "student_id", "subject_id", "semester"
    )
VALUES (7, 8, 9, 1, 32, '1');

INSERT INTO
    "transcript" (
        "fifteen_minutes_score", "midterm_score", "final_score", "student_id", "subject_id", "semester"
    )
VALUES (8, 10, 8, 1, 33, '1');

INSERT INTO
    "transcript" (
        "fifteen_minutes_score", "midterm_score", "final_score", "student_id", "subject_id", "semester"
    )
VALUES (8, 9, 10, 1, 34, '1');

INSERT INTO
    "transcript" (
        "fifteen_minutes_score", "midterm_score", "final_score", "student_id", "subject_id", "semester"
    )
VALUES (6, 7, 7, 1, 35, '1');

INSERT INTO
    "transcript" (
        "fifteen_minutes_score", "midterm_score", "final_score", "student_id", "subject_id", "semester"
    )
VALUES (6, 7, 8, 1, 36, '1');

INSERT INTO
    "transcript" (
        "fifteen_minutes_score", "midterm_score", "final_score", "student_id", "subject_id", "semester"
    )
VALUES (8, 5, 9, 1, 37, '1');

INSERT INTO
    "transcript" (
        "fifteen_minutes_score", "midterm_score", "final_score", "student_id", "subject_id", "semester"
    )
VALUES (6, 7, 9, 1, 38, '1');

INSERT INTO
    "transcript" (
        "fifteen_minutes_score", "midterm_score", "final_score", "student_id", "subject_id", "semester"
    )
VALUES (8, 6, 6, 1, 39, '1');

INSERT INTO
    "transcript" (
        "fifteen_minutes_score", "midterm_score", "final_score", "student_id", "subject_id", "semester"
    )
VALUES (7, 5, 9, 2, 1, '1');

INSERT INTO
    "transcript" (
        "fifteen_minutes_score", "midterm_score", "final_score", "student_id", "subject_id", "semester"
    )
VALUES (5, 9, 7, 2, 2, '1');

INSERT INTO
    "transcript" (
        "fifteen_minutes_score", "midterm_score", "final_score", "student_id", "subject_id", "semester"
    )
VALUES (8, 9, 10, 2, 3, '1');

INSERT INTO
    "transcript" (
        "fifteen_minutes_score", "midterm_score", "final_score", "student_id", "subject_id", "semester"
    )
VALUES (9, 9, 8, 2, 4, '1');

INSERT INTO
    "transcript" (
        "fifteen_minutes_score", "midterm_score", "final_score", "student_id", "subject_id", "semester"
    )
VALUES (6, 7, 6, 2, 5, '1');

INSERT INTO
    "transcript" (
        "fifteen_minutes_score", "midterm_score", "final_score", "student_id", "subject_id", "semester"
    )
VALUES (9, 7, 9, 2, 6, '1');

INSERT INTO
    "transcript" (
        "fifteen_minutes_score", "midterm_score", "final_score", "student_id", "subject_id", "semester"
    )
VALUES (10, 8, 8, 2, 7, '1');

INSERT INTO
    "transcript" (
        "fifteen_minutes_score", "midterm_score", "final_score", "student_id", "subject_id", "semester"
    )
VALUES (5, 7, 8, 2, 8, '1');

INSERT INTO
    "transcript" (
        "fifteen_minutes_score", "midterm_score", "final_score", "student_id", "subject_id", "semester"
    )
VALUES (9, 10, 6, 2, 9, '1');

INSERT INTO
    "transcript" (
        "fifteen_minutes_score", "midterm_score", "final_score", "student_id", "subject_id", "semester"
    )
VALUES (8, 5, 9, 2, 10, '1');

INSERT INTO
    "transcript" (
        "fifteen_minutes_score", "midterm_score", "final_score", "student_id", "subject_id", "semester"
    )
VALUES (9, 7, 6, 2, 11, '1');

INSERT INTO
    "transcript" (
        "fifteen_minutes_score", "midterm_score", "final_score", "student_id", "subject_id", "semester"
    )
VALUES (6, 7, 8, 2, 12, '1');

INSERT INTO
    "transcript" (
        "fifteen_minutes_score", "midterm_score", "final_score", "student_id", "subject_id", "semester"
    )
VALUES (8, 7, 8, 2, 13, '1');

INSERT INTO
    "transcript" (
        "fifteen_minutes_score", "midterm_score", "final_score", "student_id", "subject_id", "semester"
    )
VALUES (10, 8, 7, 2, 14, '1');

INSERT INTO
    "transcript" (
        "fifteen_minutes_score", "midterm_score", "final_score", "student_id", "subject_id", "semester"
    )
VALUES (7, 5, 8, 2, 15, '1');

INSERT INTO
    "transcript" (
        "fifteen_minutes_score", "midterm_score", "final_score", "student_id", "subject_id", "semester"
    )
VALUES (9, 10, 9, 2, 16, '1');

INSERT INTO
    "transcript" (
        "fifteen_minutes_score", "midterm_score", "final_score", "student_id", "subject_id", "semester"
    )
VALUES (7, 10, 7, 2, 17, '1');

INSERT INTO
    "transcript" (
        "fifteen_minutes_score", "midterm_score", "final_score", "student_id", "subject_id", "semester"
    )
VALUES (8, 8, 9, 2, 18, '1');

INSERT INTO
    "transcript" (
        "fifteen_minutes_score", "midterm_score", "final_score", "student_id", "subject_id", "semester"
    )
VALUES (6, 7, 9, 2, 19, '1');

INSERT INTO
    "transcript" (
        "fifteen_minutes_score", "midterm_score", "final_score", "student_id", "subject_id", "semester"
    )
VALUES (7, 10, 9, 2, 20, '1');

INSERT INTO
    "transcript" (
        "fifteen_minutes_score", "midterm_score", "final_score", "student_id", "subject_id", "semester"
    )
VALUES (8, 10, 8, 2, 21, '1');

INSERT INTO
    "transcript" (
        "fifteen_minutes_score", "midterm_score", "final_score", "student_id", "subject_id", "semester"
    )
VALUES (9, 8, 8, 2, 22, '1');

INSERT INTO
    "transcript" (
        "fifteen_minutes_score", "midterm_score", "final_score", "student_id", "subject_id", "semester"
    )
VALUES (10, 8, 6, 2, 23, '1');

INSERT INTO
    "transcript" (
        "fifteen_minutes_score", "midterm_score", "final_score", "student_id", "subject_id", "semester"
    )
VALUES (7, 5, 6, 2, 24, '1');

INSERT INTO
    "transcript" (
        "fifteen_minutes_score", "midterm_score", "final_score", "student_id", "subject_id", "semester"
    )
VALUES (9, 10, 6, 2, 25, '1');

INSERT INTO
    "transcript" (
        "fifteen_minutes_score", "midterm_score", "final_score", "student_id", "subject_id", "semester"
    )
VALUES (5, 8, 6, 2, 26, '1');

INSERT INTO
    "transcript" (
        "fifteen_minutes_score", "midterm_score", "final_score", "student_id", "subject_id", "semester"
    )
VALUES (7, 10, 10, 2, 27, '1');

INSERT INTO
    "transcript" (
        "fifteen_minutes_score", "midterm_score", "final_score", "student_id", "subject_id", "semester"
    )
VALUES (8, 9, 10, 2, 28, '1');

INSERT INTO
    "transcript" (
        "fifteen_minutes_score", "midterm_score", "final_score", "student_id", "subject_id", "semester"
    )
VALUES (7, 6, 10, 2, 29, '1');

INSERT INTO
    "transcript" (
        "fifteen_minutes_score", "midterm_score", "final_score", "student_id", "subject_id", "semester"
    )
VALUES (8, 6, 6, 2, 30, '1');

INSERT INTO
    "transcript" (
        "fifteen_minutes_score", "midterm_score", "final_score", "student_id", "subject_id", "semester"
    )
VALUES (7, 6, 8, 2, 31, '1');

INSERT INTO
    "transcript" (
        "fifteen_minutes_score", "midterm_score", "final_score", "student_id", "subject_id", "semester"
    )
VALUES (8, 5, 9, 2, 32, '1');

INSERT INTO
    "transcript" (
        "fifteen_minutes_score", "midterm_score", "final_score", "student_id", "subject_id", "semester"
    )
VALUES (10, 5, 7, 2, 33, '1');

INSERT INTO
    "transcript" (
        "fifteen_minutes_score", "midterm_score", "final_score", "student_id", "subject_id", "semester"
    )
VALUES (5, 10, 9, 2, 34, '1');

INSERT INTO
    "transcript" (
        "fifteen_minutes_score", "midterm_score", "final_score", "student_id", "subject_id", "semester"
    )
VALUES (10, 9, 10, 2, 35, '1');

INSERT INTO
    "transcript" (
        "fifteen_minutes_score", "midterm_score", "final_score", "student_id", "subject_id", "semester"
    )
VALUES (9, 7, 8, 2, 36, '1');

INSERT INTO
    "transcript" (
        "fifteen_minutes_score", "midterm_score", "final_score", "student_id", "subject_id", "semester"
    )
VALUES (8, 8, 9, 2, 37, '1');

INSERT INTO
    "transcript" (
        "fifteen_minutes_score", "midterm_score", "final_score", "student_id", "subject_id", "semester"
    )
VALUES (7, 5, 10, 2, 38, '1');

INSERT INTO
    "transcript" (
        "fifteen_minutes_score", "midterm_score", "final_score", "student_id", "subject_id", "semester"
    )
VALUES (9, 9, 10, 2, 39, '1');

INSERT INTO
    "transcript" (
        "fifteen_minutes_score", "midterm_score", "final_score", "student_id", "subject_id", "semester"
    )
VALUES (6, 6, 10, 3, 1, '1');

INSERT INTO
    "transcript" (
        "fifteen_minutes_score", "midterm_score", "final_score", "student_id", "subject_id", "semester"
    )
VALUES (8, 6, 7, 3, 2, '1');

INSERT INTO
    "transcript" (
        "fifteen_minutes_score", "midterm_score", "final_score", "student_id", "subject_id", "semester"
    )
VALUES (6, 7, 8, 3, 3, '1');

INSERT INTO
    "transcript" (
        "fifteen_minutes_score", "midterm_score", "final_score", "student_id", "subject_id", "semester"
    )
VALUES (8, 7, 7, 3, 4, '1');

INSERT INTO
    "transcript" (
        "fifteen_minutes_score", "midterm_score", "final_score", "student_id", "subject_id", "semester"
    )
VALUES (7, 9, 8, 3, 5, '1');

INSERT INTO
    "transcript" (
        "fifteen_minutes_score", "midterm_score", "final_score", "student_id", "subject_id", "semester"
    )
VALUES (6, 6, 6, 3, 6, '1');

INSERT INTO
    "transcript" (
        "fifteen_minutes_score", "midterm_score", "final_score", "student_id", "subject_id", "semester"
    )
VALUES (9, 6, 7, 3, 7, '1');

INSERT INTO
    "transcript" (
        "fifteen_minutes_score", "midterm_score", "final_score", "student_id", "subject_id", "semester"
    )
VALUES (10, 10, 8, 3, 8, '1');

INSERT INTO
    "transcript" (
        "fifteen_minutes_score", "midterm_score", "final_score", "student_id", "subject_id", "semester"
    )
VALUES (7, 7, 8, 3, 9, '1');

INSERT INTO
    "transcript" (
        "fifteen_minutes_score", "midterm_score", "final_score", "student_id", "subject_id", "semester"
    )
VALUES (9, 8, 7, 3, 10, '1');

INSERT INTO
    "transcript" (
        "fifteen_minutes_score", "midterm_score", "final_score", "student_id", "subject_id", "semester"
    )
VALUES (9, 10, 10, 3, 11, '1');

INSERT INTO
    "transcript" (
        "fifteen_minutes_score", "midterm_score", "final_score", "student_id", "subject_id", "semester"
    )
VALUES (5, 7, 10, 3, 12, '1');

INSERT INTO
    "transcript" (
        "fifteen_minutes_score", "midterm_score", "final_score", "student_id", "subject_id", "semester"
    )
VALUES (9, 7, 8, 3, 13, '1');

INSERT INTO
    "transcript" (
        "fifteen_minutes_score", "midterm_score", "final_score", "student_id", "subject_id", "semester"
    )
VALUES (10, 10, 6, 3, 14, '1');

INSERT INTO
    "transcript" (
        "fifteen_minutes_score", "midterm_score", "final_score", "student_id", "subject_id", "semester"
    )
VALUES (5, 10, 10, 3, 15, '1');

INSERT INTO
    "transcript" (
        "fifteen_minutes_score", "midterm_score", "final_score", "student_id", "subject_id", "semester"
    )
VALUES (8, 10, 7, 3, 16, '1');

INSERT INTO
    "transcript" (
        "fifteen_minutes_score", "midterm_score", "final_score", "student_id", "subject_id", "semester"
    )
VALUES (9, 9, 6, 3, 17, '1');

INSERT INTO
    "transcript" (
        "fifteen_minutes_score", "midterm_score", "final_score", "student_id", "subject_id", "semester"
    )
VALUES (7, 8, 8, 3, 18, '1');

INSERT INTO
    "transcript" (
        "fifteen_minutes_score", "midterm_score", "final_score", "student_id", "subject_id", "semester"
    )
VALUES (6, 10, 10, 3, 19, '1');

INSERT INTO
    "transcript" (
        "fifteen_minutes_score", "midterm_score", "final_score", "student_id", "subject_id", "semester"
    )
VALUES (7, 6, 8, 3, 20, '1');

INSERT INTO
    "transcript" (
        "fifteen_minutes_score", "midterm_score", "final_score", "student_id", "subject_id", "semester"
    )
VALUES (9, 6, 7, 3, 21, '1');

INSERT INTO
    "transcript" (
        "fifteen_minutes_score", "midterm_score", "final_score", "student_id", "subject_id", "semester"
    )
VALUES (9, 8, 10, 3, 22, '1');

INSERT INTO
    "transcript" (
        "fifteen_minutes_score", "midterm_score", "final_score", "student_id", "subject_id", "semester"
    )
VALUES (6, 6, 6, 3, 23, '1');

INSERT INTO
    "transcript" (
        "fifteen_minutes_score", "midterm_score", "final_score", "student_id", "subject_id", "semester"
    )
VALUES (10, 5, 10, 3, 24, '1');

INSERT INTO
    "transcript" (
        "fifteen_minutes_score", "midterm_score", "final_score", "student_id", "subject_id", "semester"
    )
VALUES (8, 5, 8, 3, 25, '1');

INSERT INTO
    "transcript" (
        "fifteen_minutes_score", "midterm_score", "final_score", "student_id", "subject_id", "semester"
    )
VALUES (5, 5, 8, 3, 26, '1');

INSERT INTO
    "transcript" (
        "fifteen_minutes_score", "midterm_score", "final_score", "student_id", "subject_id", "semester"
    )
VALUES (5, 7, 8, 3, 27, '1');

INSERT INTO
    "transcript" (
        "fifteen_minutes_score", "midterm_score", "final_score", "student_id", "subject_id", "semester"
    )
VALUES (10, 6, 10, 3, 28, '1');

INSERT INTO
    "transcript" (
        "fifteen_minutes_score", "midterm_score", "final_score", "student_id", "subject_id", "semester"
    )
VALUES (5, 6, 9, 3, 29, '1');

INSERT INTO
    "transcript" (
        "fifteen_minutes_score", "midterm_score", "final_score", "student_id", "subject_id", "semester"
    )
VALUES (5, 8, 9, 3, 30, '1');

INSERT INTO
    "transcript" (
        "fifteen_minutes_score", "midterm_score", "final_score", "student_id", "subject_id", "semester"
    )
VALUES (5, 6, 7, 3, 31, '1');

INSERT INTO
    "transcript" (
        "fifteen_minutes_score", "midterm_score", "final_score", "student_id", "subject_id", "semester"
    )
VALUES (8, 5, 7, 3, 32, '1');

INSERT INTO
    "transcript" (
        "fifteen_minutes_score", "midterm_score", "final_score", "student_id", "subject_id", "semester"
    )
VALUES (5, 5, 8, 3, 33, '1');

INSERT INTO
    "transcript" (
        "fifteen_minutes_score", "midterm_score", "final_score", "student_id", "subject_id", "semester"
    )
VALUES (5, 10, 9, 3, 34, '1');

INSERT INTO
    "transcript" (
        "fifteen_minutes_score", "midterm_score", "final_score", "student_id", "subject_id", "semester"
    )
VALUES (6, 8, 9, 3, 35, '1');

INSERT INTO
    "transcript" (
        "fifteen_minutes_score", "midterm_score", "final_score", "student_id", "subject_id", "semester"
    )
VALUES (6, 5, 7, 3, 36, '1');

INSERT INTO
    "transcript" (
        "fifteen_minutes_score", "midterm_score", "final_score", "student_id", "subject_id", "semester"
    )
VALUES (7, 10, 6, 3, 37, '1');

INSERT INTO
    "transcript" (
        "fifteen_minutes_score", "midterm_score", "final_score", "student_id", "subject_id", "semester"
    )
VALUES (5, 7, 7, 3, 38, '1');

INSERT INTO
    "transcript" (
        "fifteen_minutes_score", "midterm_score", "final_score", "student_id", "subject_id", "semester"
    )
VALUES (10, 8, 10, 3, 39, '1');

INSERT INTO
    "transcript" (
        "fifteen_minutes_score", "midterm_score", "final_score", "student_id", "subject_id", "semester"
    )
VALUES (10, 8, 10, 4, 1, '1');

INSERT INTO
    "transcript" (
        "fifteen_minutes_score", "midterm_score", "final_score", "student_id", "subject_id", "semester"
    )
VALUES (10, 8, 8, 4, 2, '1');

INSERT INTO
    "transcript" (
        "fifteen_minutes_score", "midterm_score", "final_score", "student_id", "subject_id", "semester"
    )
VALUES (6, 6, 8, 4, 3, '1');

INSERT INTO
    "transcript" (
        "fifteen_minutes_score", "midterm_score", "final_score", "student_id", "subject_id", "semester"
    )
VALUES (8, 9, 6, 4, 4, '1');

INSERT INTO
    "transcript" (
        "fifteen_minutes_score", "midterm_score", "final_score", "student_id", "subject_id", "semester"
    )
VALUES (5, 10, 10, 4, 5, '1');

INSERT INTO
    "transcript" (
        "fifteen_minutes_score", "midterm_score", "final_score", "student_id", "subject_id", "semester"
    )
VALUES (9, 9, 7, 4, 6, '1');

INSERT INTO
    "transcript" (
        "fifteen_minutes_score", "midterm_score", "final_score", "student_id", "subject_id", "semester"
    )
VALUES (6, 7, 8, 4, 7, '1');

INSERT INTO
    "transcript" (
        "fifteen_minutes_score", "midterm_score", "final_score", "student_id", "subject_id", "semester"
    )
VALUES (5, 9, 8, 4, 8, '1');

INSERT INTO
    "transcript" (
        "fifteen_minutes_score", "midterm_score", "final_score", "student_id", "subject_id", "semester"
    )
VALUES (9, 9, 10, 4, 9, '1');

INSERT INTO
    "transcript" (
        "fifteen_minutes_score", "midterm_score", "final_score", "student_id", "subject_id", "semester"
    )
VALUES (8, 6, 9, 4, 10, '1');

INSERT INTO
    "transcript" (
        "fifteen_minutes_score", "midterm_score", "final_score", "student_id", "subject_id", "semester"
    )
VALUES (5, 5, 8, 4, 11, '1');

INSERT INTO
    "transcript" (
        "fifteen_minutes_score", "midterm_score", "final_score", "student_id", "subject_id", "semester"
    )
VALUES (7, 10, 6, 4, 12, '1');

INSERT INTO
    "transcript" (
        "fifteen_minutes_score", "midterm_score", "final_score", "student_id", "subject_id", "semester"
    )
VALUES (8, 10, 6, 4, 13, '1');

INSERT INTO
    "transcript" (
        "fifteen_minutes_score", "midterm_score", "final_score", "student_id", "subject_id", "semester"
    )
VALUES (9, 9, 9, 4, 14, '1');

INSERT INTO
    "transcript" (
        "fifteen_minutes_score", "midterm_score", "final_score", "student_id", "subject_id", "semester"
    )
VALUES (5, 9, 6, 4, 15, '1');

INSERT INTO
    "transcript" (
        "fifteen_minutes_score", "midterm_score", "final_score", "student_id", "subject_id", "semester"
    )
VALUES (9, 7, 8, 4, 16, '1');

INSERT INTO
    "transcript" (
        "fifteen_minutes_score", "midterm_score", "final_score", "student_id", "subject_id", "semester"
    )
VALUES (10, 8, 9, 4, 17, '1');

INSERT INTO
    "transcript" (
        "fifteen_minutes_score", "midterm_score", "final_score", "student_id", "subject_id", "semester"
    )
VALUES (9, 9, 9, 4, 18, '1');

INSERT INTO
    "transcript" (
        "fifteen_minutes_score", "midterm_score", "final_score", "student_id", "subject_id", "semester"
    )
VALUES (10, 9, 10, 4, 19, '1');

INSERT INTO
    "transcript" (
        "fifteen_minutes_score", "midterm_score", "final_score", "student_id", "subject_id", "semester"
    )
VALUES (10, 10, 6, 4, 20, '1');

INSERT INTO
    "transcript" (
        "fifteen_minutes_score", "midterm_score", "final_score", "student_id", "subject_id", "semester"
    )
VALUES (8, 5, 6, 4, 21, '1');

INSERT INTO
    "transcript" (
        "fifteen_minutes_score", "midterm_score", "final_score", "student_id", "subject_id", "semester"
    )
VALUES (9, 9, 10, 4, 22, '1');

INSERT INTO
    "transcript" (
        "fifteen_minutes_score", "midterm_score", "final_score", "student_id", "subject_id", "semester"
    )
VALUES (5, 9, 8, 4, 23, '1');

INSERT INTO
    "transcript" (
        "fifteen_minutes_score", "midterm_score", "final_score", "student_id", "subject_id", "semester"
    )
VALUES (6, 5, 7, 4, 24, '1');

INSERT INTO
    "transcript" (
        "fifteen_minutes_score", "midterm_score", "final_score", "student_id", "subject_id", "semester"
    )
VALUES (5, 5, 8, 4, 25, '1');

INSERT INTO
    "transcript" (
        "fifteen_minutes_score", "midterm_score", "final_score", "student_id", "subject_id", "semester"
    )
VALUES (9, 9, 9, 4, 26, '1');

INSERT INTO
    "transcript" (
        "fifteen_minutes_score", "midterm_score", "final_score", "student_id", "subject_id", "semester"
    )
VALUES (8, 5, 10, 4, 27, '1');

INSERT INTO
    "transcript" (
        "fifteen_minutes_score", "midterm_score", "final_score", "student_id", "subject_id", "semester"
    )
VALUES (7, 5, 10, 4, 28, '1');

INSERT INTO
    "transcript" (
        "fifteen_minutes_score", "midterm_score", "final_score", "student_id", "subject_id", "semester"
    )
VALUES (6, 5, 10, 4, 29, '1');

INSERT INTO
    "transcript" (
        "fifteen_minutes_score", "midterm_score", "final_score", "student_id", "subject_id", "semester"
    )
VALUES (10, 7, 6, 4, 30, '1');

INSERT INTO
    "transcript" (
        "fifteen_minutes_score", "midterm_score", "final_score", "student_id", "subject_id", "semester"
    )
VALUES (6, 5, 9, 4, 31, '1');

INSERT INTO
    "transcript" (
        "fifteen_minutes_score", "midterm_score", "final_score", "student_id", "subject_id", "semester"
    )
VALUES (10, 9, 9, 4, 32, '1');

INSERT INTO
    "transcript" (
        "fifteen_minutes_score", "midterm_score", "final_score", "student_id", "subject_id", "semester"
    )
VALUES (8, 9, 8, 4, 33, '1');

INSERT INTO
    "transcript" (
        "fifteen_minutes_score", "midterm_score", "final_score", "student_id", "subject_id", "semester"
    )
VALUES (10, 8, 8, 4, 34, '1');

INSERT INTO
    "transcript" (
        "fifteen_minutes_score", "midterm_score", "final_score", "student_id", "subject_id", "semester"
    )
VALUES (7, 9, 6, 4, 35, '1');

INSERT INTO
    "transcript" (
        "fifteen_minutes_score", "midterm_score", "final_score", "student_id", "subject_id", "semester"
    )
VALUES (6, 8, 8, 4, 36, '1');

INSERT INTO
    "transcript" (
        "fifteen_minutes_score", "midterm_score", "final_score", "student_id", "subject_id", "semester"
    )
VALUES (10, 8, 10, 4, 37, '1');

INSERT INTO
    "transcript" (
        "fifteen_minutes_score", "midterm_score", "final_score", "student_id", "subject_id", "semester"
    )
VALUES (6, 5, 9, 4, 38, '1');

INSERT INTO
    "transcript" (
        "fifteen_minutes_score", "midterm_score", "final_score", "student_id", "subject_id", "semester"
    )
VALUES (10, 5, 8, 4, 39, '1');

INSERT INTO
    "transcript" (
        "fifteen_minutes_score", "midterm_score", "final_score", "student_id", "subject_id", "semester"
    )
VALUES (9, 6, 6, 5, 1, '1');

INSERT INTO
    "transcript" (
        "fifteen_minutes_score", "midterm_score", "final_score", "student_id", "subject_id", "semester"
    )
VALUES (6, 10, 8, 5, 2, '1');

INSERT INTO
    "transcript" (
        "fifteen_minutes_score", "midterm_score", "final_score", "student_id", "subject_id", "semester"
    )
VALUES (5, 8, 7, 5, 3, '1');

INSERT INTO
    "transcript" (
        "fifteen_minutes_score", "midterm_score", "final_score", "student_id", "subject_id", "semester"
    )
VALUES (5, 6, 7, 5, 4, '1');

INSERT INTO
    "transcript" (
        "fifteen_minutes_score", "midterm_score", "final_score", "student_id", "subject_id", "semester"
    )
VALUES (10, 6, 6, 5, 5, '1');

INSERT INTO
    "transcript" (
        "fifteen_minutes_score", "midterm_score", "final_score", "student_id", "subject_id", "semester"
    )
VALUES (10, 10, 7, 5, 6, '1');

INSERT INTO
    "transcript" (
        "fifteen_minutes_score", "midterm_score", "final_score", "student_id", "subject_id", "semester"
    )
VALUES (9, 5, 9, 5, 7, '1');

INSERT INTO
    "transcript" (
        "fifteen_minutes_score", "midterm_score", "final_score", "student_id", "subject_id", "semester"
    )
VALUES (8, 5, 6, 5, 8, '1');

INSERT INTO
    "transcript" (
        "fifteen_minutes_score", "midterm_score", "final_score", "student_id", "subject_id", "semester"
    )
VALUES (5, 5, 8, 5, 9, '1');

INSERT INTO
    "transcript" (
        "fifteen_minutes_score", "midterm_score", "final_score", "student_id", "subject_id", "semester"
    )
VALUES (7, 5, 10, 5, 10, '1');

INSERT INTO
    "transcript" (
        "fifteen_minutes_score", "midterm_score", "final_score", "student_id", "subject_id", "semester"
    )
VALUES (5, 7, 7, 5, 11, '1');

INSERT INTO
    "transcript" (
        "fifteen_minutes_score", "midterm_score", "final_score", "student_id", "subject_id", "semester"
    )
VALUES (7, 8, 6, 5, 12, '1');

INSERT INTO
    "transcript" (
        "fifteen_minutes_score", "midterm_score", "final_score", "student_id", "subject_id", "semester"
    )
VALUES (5, 9, 8, 5, 13, '1');

INSERT INTO
    "transcript" (
        "fifteen_minutes_score", "midterm_score", "final_score", "student_id", "subject_id", "semester"
    )
VALUES (7, 6, 6, 5, 14, '1');

INSERT INTO
    "transcript" (
        "fifteen_minutes_score", "midterm_score", "final_score", "student_id", "subject_id", "semester"
    )
VALUES (5, 8, 8, 5, 15, '1');

INSERT INTO
    "transcript" (
        "fifteen_minutes_score", "midterm_score", "final_score", "student_id", "subject_id", "semester"
    )
VALUES (8, 10, 7, 5, 16, '1');

INSERT INTO
    "transcript" (
        "fifteen_minutes_score", "midterm_score", "final_score", "student_id", "subject_id", "semester"
    )
VALUES (5, 5, 9, 5, 17, '1');

INSERT INTO
    "transcript" (
        "fifteen_minutes_score", "midterm_score", "final_score", "student_id", "subject_id", "semester"
    )
VALUES (10, 8, 7, 5, 18, '1');

INSERT INTO
    "transcript" (
        "fifteen_minutes_score", "midterm_score", "final_score", "student_id", "subject_id", "semester"
    )
VALUES (9, 10, 7, 5, 19, '1');

INSERT INTO
    "transcript" (
        "fifteen_minutes_score", "midterm_score", "final_score", "student_id", "subject_id", "semester"
    )
VALUES (10, 8, 6, 5, 20, '1');

INSERT INTO
    "transcript" (
        "fifteen_minutes_score", "midterm_score", "final_score", "student_id", "subject_id", "semester"
    )
VALUES (10, 6, 8, 5, 21, '1');

INSERT INTO
    "transcript" (
        "fifteen_minutes_score", "midterm_score", "final_score", "student_id", "subject_id", "semester"
    )
VALUES (8, 10, 6, 5, 22, '1');

INSERT INTO
    "transcript" (
        "fifteen_minutes_score", "midterm_score", "final_score", "student_id", "subject_id", "semester"
    )
VALUES (6, 8, 7, 5, 23, '1');

INSERT INTO
    "transcript" (
        "fifteen_minutes_score", "midterm_score", "final_score", "student_id", "subject_id", "semester"
    )
VALUES (10, 6, 8, 5, 24, '1');

INSERT INTO
    "transcript" (
        "fifteen_minutes_score", "midterm_score", "final_score", "student_id", "subject_id", "semester"
    )
VALUES (7, 5, 9, 5, 25, '1');

INSERT INTO
    "transcript" (
        "fifteen_minutes_score", "midterm_score", "final_score", "student_id", "subject_id", "semester"
    )
VALUES (9, 7, 6, 5, 26, '1');

INSERT INTO
    "transcript" (
        "fifteen_minutes_score", "midterm_score", "final_score", "student_id", "subject_id", "semester"
    )
VALUES (5, 10, 8, 5, 27, '1');

INSERT INTO
    "transcript" (
        "fifteen_minutes_score", "midterm_score", "final_score", "student_id", "subject_id", "semester"
    )
VALUES (7, 5, 9, 5, 28, '1');

INSERT INTO
    "transcript" (
        "fifteen_minutes_score", "midterm_score", "final_score", "student_id", "subject_id", "semester"
    )
VALUES (10, 10, 9, 5, 29, '1');

INSERT INTO
    "transcript" (
        "fifteen_minutes_score", "midterm_score", "final_score", "student_id", "subject_id", "semester"
    )
VALUES (7, 10, 7, 5, 30, '1');

INSERT INTO
    "transcript" (
        "fifteen_minutes_score", "midterm_score", "final_score", "student_id", "subject_id", "semester"
    )
VALUES (10, 5, 8, 5, 31, '1');

INSERT INTO
    "transcript" (
        "fifteen_minutes_score", "midterm_score", "final_score", "student_id", "subject_id", "semester"
    )
VALUES (7, 7, 7, 5, 32, '1');

INSERT INTO
    "transcript" (
        "fifteen_minutes_score", "midterm_score", "final_score", "student_id", "subject_id", "semester"
    )
VALUES (7, 9, 10, 5, 33, '1');

INSERT INTO
    "transcript" (
        "fifteen_minutes_score", "midterm_score", "final_score", "student_id", "subject_id", "semester"
    )
VALUES (10, 5, 8, 5, 34, '1');

INSERT INTO
    "transcript" (
        "fifteen_minutes_score", "midterm_score", "final_score", "student_id", "subject_id", "semester"
    )
VALUES (6, 10, 10, 5, 35, '1');

INSERT INTO
    "transcript" (
        "fifteen_minutes_score", "midterm_score", "final_score", "student_id", "subject_id", "semester"
    )
VALUES (8, 9, 6, 5, 36, '1');

INSERT INTO
    "transcript" (
        "fifteen_minutes_score", "midterm_score", "final_score", "student_id", "subject_id", "semester"
    )
VALUES (5, 8, 9, 5, 37, '1');

INSERT INTO
    "transcript" (
        "fifteen_minutes_score", "midterm_score", "final_score", "student_id", "subject_id", "semester"
    )
VALUES (8, 7, 10, 5, 38, '1');

INSERT INTO
    "transcript" (
        "fifteen_minutes_score", "midterm_score", "final_score", "student_id", "subject_id", "semester"
    )
VALUES (8, 9, 7, 5, 39, '1');

INSERT INTO
    "transcript" (
        "fifteen_minutes_score", "midterm_score", "final_score", "student_id", "subject_id", "semester"
    )
VALUES (7, 5, 10, 1, 1, '2');

INSERT INTO
    "transcript" (
        "fifteen_minutes_score", "midterm_score", "final_score", "student_id", "subject_id", "semester"
    )
VALUES (5, 9, 8, 1, 2, '2');

INSERT INTO
    "transcript" (
        "fifteen_minutes_score", "midterm_score", "final_score", "student_id", "subject_id", "semester"
    )
VALUES (6, 8, 8, 1, 3, '2');

INSERT INTO
    "transcript" (
        "fifteen_minutes_score", "midterm_score", "final_score", "student_id", "subject_id", "semester"
    )
VALUES (7, 8, 7, 1, 4, '2');

INSERT INTO
    "transcript" (
        "fifteen_minutes_score", "midterm_score", "final_score", "student_id", "subject_id", "semester"
    )
VALUES (8, 6, 10, 1, 5, '2');

INSERT INTO
    "transcript" (
        "fifteen_minutes_score", "midterm_score", "final_score", "student_id", "subject_id", "semester"
    )
VALUES (7, 8, 8, 1, 6, '2');

INSERT INTO
    "transcript" (
        "fifteen_minutes_score", "midterm_score", "final_score", "student_id", "subject_id", "semester"
    )
VALUES (6, 10, 7, 1, 7, '2');

INSERT INTO
    "transcript" (
        "fifteen_minutes_score", "midterm_score", "final_score", "student_id", "subject_id", "semester"
    )
VALUES (9, 5, 9, 1, 8, '2');

INSERT INTO
    "transcript" (
        "fifteen_minutes_score", "midterm_score", "final_score", "student_id", "subject_id", "semester"
    )
VALUES (7, 7, 9, 1, 9, '2');

INSERT INTO
    "transcript" (
        "fifteen_minutes_score", "midterm_score", "final_score", "student_id", "subject_id", "semester"
    )
VALUES (9, 5, 9, 1, 10, '2');

INSERT INTO
    "transcript" (
        "fifteen_minutes_score", "midterm_score", "final_score", "student_id", "subject_id", "semester"
    )
VALUES (10, 6, 7, 1, 11, '2');

INSERT INTO
    "transcript" (
        "fifteen_minutes_score", "midterm_score", "final_score", "student_id", "subject_id", "semester"
    )
VALUES (8, 5, 7, 1, 12, '2');

INSERT INTO
    "transcript" (
        "fifteen_minutes_score", "midterm_score", "final_score", "student_id", "subject_id", "semester"
    )
VALUES (5, 6, 7, 1, 13, '2');

INSERT INTO
    "transcript" (
        "fifteen_minutes_score", "midterm_score", "final_score", "student_id", "subject_id", "semester"
    )
VALUES (10, 5, 10, 1, 14, '2');

INSERT INTO
    "transcript" (
        "fifteen_minutes_score", "midterm_score", "final_score", "student_id", "subject_id", "semester"
    )
VALUES (7, 8, 10, 1, 15, '2');

INSERT INTO
    "transcript" (
        "fifteen_minutes_score", "midterm_score", "final_score", "student_id", "subject_id", "semester"
    )
VALUES (9, 10, 9, 1, 16, '2');

INSERT INTO
    "transcript" (
        "fifteen_minutes_score", "midterm_score", "final_score", "student_id", "subject_id", "semester"
    )
VALUES (7, 10, 10, 1, 17, '2');

INSERT INTO
    "transcript" (
        "fifteen_minutes_score", "midterm_score", "final_score", "student_id", "subject_id", "semester"
    )
VALUES (8, 8, 10, 1, 18, '2');

INSERT INTO
    "transcript" (
        "fifteen_minutes_score", "midterm_score", "final_score", "student_id", "subject_id", "semester"
    )
VALUES (10, 6, 9, 1, 19, '2');

INSERT INTO
    "transcript" (
        "fifteen_minutes_score", "midterm_score", "final_score", "student_id", "subject_id", "semester"
    )
VALUES (9, 6, 9, 1, 20, '2');

INSERT INTO
    "transcript" (
        "fifteen_minutes_score", "midterm_score", "final_score", "student_id", "subject_id", "semester"
    )
VALUES (8, 5, 7, 1, 21, '2');

INSERT INTO
    "transcript" (
        "fifteen_minutes_score", "midterm_score", "final_score", "student_id", "subject_id", "semester"
    )
VALUES (5, 7, 10, 1, 22, '2');

INSERT INTO
    "transcript" (
        "fifteen_minutes_score", "midterm_score", "final_score", "student_id", "subject_id", "semester"
    )
VALUES (9, 5, 8, 1, 23, '2');

INSERT INTO
    "transcript" (
        "fifteen_minutes_score", "midterm_score", "final_score", "student_id", "subject_id", "semester"
    )
VALUES (6, 7, 8, 1, 24, '2');

INSERT INTO
    "transcript" (
        "fifteen_minutes_score", "midterm_score", "final_score", "student_id", "subject_id", "semester"
    )
VALUES (6, 7, 7, 1, 25, '2');

INSERT INTO
    "transcript" (
        "fifteen_minutes_score", "midterm_score", "final_score", "student_id", "subject_id", "semester"
    )
VALUES (10, 7, 9, 1, 26, '2');

INSERT INTO
    "transcript" (
        "fifteen_minutes_score", "midterm_score", "final_score", "student_id", "subject_id", "semester"
    )
VALUES (10, 8, 6, 1, 27, '2');

INSERT INTO
    "transcript" (
        "fifteen_minutes_score", "midterm_score", "final_score", "student_id", "subject_id", "semester"
    )
VALUES (7, 5, 10, 1, 28, '2');

INSERT INTO
    "transcript" (
        "fifteen_minutes_score", "midterm_score", "final_score", "student_id", "subject_id", "semester"
    )
VALUES (8, 10, 9, 1, 29, '2');

INSERT INTO
    "transcript" (
        "fifteen_minutes_score", "midterm_score", "final_score", "student_id", "subject_id", "semester"
    )
VALUES (6, 8, 9, 1, 30, '2');

INSERT INTO
    "transcript" (
        "fifteen_minutes_score", "midterm_score", "final_score", "student_id", "subject_id", "semester"
    )
VALUES (7, 5, 8, 1, 31, '2');

INSERT INTO
    "transcript" (
        "fifteen_minutes_score", "midterm_score", "final_score", "student_id", "subject_id", "semester"
    )
VALUES (8, 10, 8, 1, 32, '2');

INSERT INTO
    "transcript" (
        "fifteen_minutes_score", "midterm_score", "final_score", "student_id", "subject_id", "semester"
    )
VALUES (6, 5, 9, 1, 33, '2');

INSERT INTO
    "transcript" (
        "fifteen_minutes_score", "midterm_score", "final_score", "student_id", "subject_id", "semester"
    )
VALUES (8, 10, 7, 1, 34, '2');

INSERT INTO
    "transcript" (
        "fifteen_minutes_score", "midterm_score", "final_score", "student_id", "subject_id", "semester"
    )
VALUES (6, 10, 6, 1, 35, '2');

INSERT INTO
    "transcript" (
        "fifteen_minutes_score", "midterm_score", "final_score", "student_id", "subject_id", "semester"
    )
VALUES (8, 7, 6, 1, 36, '2');

INSERT INTO
    "transcript" (
        "fifteen_minutes_score", "midterm_score", "final_score", "student_id", "subject_id", "semester"
    )
VALUES (6, 7, 6, 1, 37, '2');

INSERT INTO
    "transcript" (
        "fifteen_minutes_score", "midterm_score", "final_score", "student_id", "subject_id", "semester"
    )
VALUES (8, 10, 7, 1, 38, '2');

INSERT INTO
    "transcript" (
        "fifteen_minutes_score", "midterm_score", "final_score", "student_id", "subject_id", "semester"
    )
VALUES (8, 6, 8, 1, 39, '2');

INSERT INTO
    "transcript" (
        "fifteen_minutes_score", "midterm_score", "final_score", "student_id", "subject_id", "semester"
    )
VALUES (6, 6, 7, 2, 1, '2');

INSERT INTO
    "transcript" (
        "fifteen_minutes_score", "midterm_score", "final_score", "student_id", "subject_id", "semester"
    )
VALUES (8, 9, 7, 2, 2, '2');

INSERT INTO
    "transcript" (
        "fifteen_minutes_score", "midterm_score", "final_score", "student_id", "subject_id", "semester"
    )
VALUES (7, 7, 8, 2, 3, '2');

INSERT INTO
    "transcript" (
        "fifteen_minutes_score", "midterm_score", "final_score", "student_id", "subject_id", "semester"
    )
VALUES (6, 10, 8, 2, 4, '2');

INSERT INTO
    "transcript" (
        "fifteen_minutes_score", "midterm_score", "final_score", "student_id", "subject_id", "semester"
    )
VALUES (10, 5, 9, 2, 5, '2');

INSERT INTO
    "transcript" (
        "fifteen_minutes_score", "midterm_score", "final_score", "student_id", "subject_id", "semester"
    )
VALUES (8, 10, 7, 2, 6, '2');

INSERT INTO
    "transcript" (
        "fifteen_minutes_score", "midterm_score", "final_score", "student_id", "subject_id", "semester"
    )
VALUES (8, 8, 10, 2, 7, '2');

INSERT INTO
    "transcript" (
        "fifteen_minutes_score", "midterm_score", "final_score", "student_id", "subject_id", "semester"
    )
VALUES (6, 8, 10, 2, 8, '2');

INSERT INTO
    "transcript" (
        "fifteen_minutes_score", "midterm_score", "final_score", "student_id", "subject_id", "semester"
    )
VALUES (8, 8, 9, 2, 9, '2');

INSERT INTO
    "transcript" (
        "fifteen_minutes_score", "midterm_score", "final_score", "student_id", "subject_id", "semester"
    )
VALUES (10, 10, 6, 2, 10, '2');

INSERT INTO
    "transcript" (
        "fifteen_minutes_score", "midterm_score", "final_score", "student_id", "subject_id", "semester"
    )
VALUES (10, 9, 8, 2, 11, '2');

INSERT INTO
    "transcript" (
        "fifteen_minutes_score", "midterm_score", "final_score", "student_id", "subject_id", "semester"
    )
VALUES (8, 9, 6, 2, 12, '2');

INSERT INTO
    "transcript" (
        "fifteen_minutes_score", "midterm_score", "final_score", "student_id", "subject_id", "semester"
    )
VALUES (10, 7, 7, 2, 13, '2');

INSERT INTO
    "transcript" (
        "fifteen_minutes_score", "midterm_score", "final_score", "student_id", "subject_id", "semester"
    )
VALUES (9, 7, 8, 2, 14, '2');

INSERT INTO
    "transcript" (
        "fifteen_minutes_score", "midterm_score", "final_score", "student_id", "subject_id", "semester"
    )
VALUES (8, 7, 7, 2, 15, '2');

INSERT INTO
    "transcript" (
        "fifteen_minutes_score", "midterm_score", "final_score", "student_id", "subject_id", "semester"
    )
VALUES (5, 6, 8, 2, 16, '2');

INSERT INTO
    "transcript" (
        "fifteen_minutes_score", "midterm_score", "final_score", "student_id", "subject_id", "semester"
    )
VALUES (6, 8, 7, 2, 17, '2');

INSERT INTO
    "transcript" (
        "fifteen_minutes_score", "midterm_score", "final_score", "student_id", "subject_id", "semester"
    )
VALUES (7, 10, 10, 2, 18, '2');

INSERT INTO
    "transcript" (
        "fifteen_minutes_score", "midterm_score", "final_score", "student_id", "subject_id", "semester"
    )
VALUES (5, 5, 6, 2, 19, '2');

INSERT INTO
    "transcript" (
        "fifteen_minutes_score", "midterm_score", "final_score", "student_id", "subject_id", "semester"
    )
VALUES (6, 10, 6, 2, 20, '2');

INSERT INTO
    "transcript" (
        "fifteen_minutes_score", "midterm_score", "final_score", "student_id", "subject_id", "semester"
    )
VALUES (8, 9, 10, 2, 21, '2');

INSERT INTO
    "transcript" (
        "fifteen_minutes_score", "midterm_score", "final_score", "student_id", "subject_id", "semester"
    )
VALUES (5, 5, 9, 2, 22, '2');

INSERT INTO
    "transcript" (
        "fifteen_minutes_score", "midterm_score", "final_score", "student_id", "subject_id", "semester"
    )
VALUES (6, 8, 10, 2, 23, '2');

INSERT INTO
    "transcript" (
        "fifteen_minutes_score", "midterm_score", "final_score", "student_id", "subject_id", "semester"
    )
VALUES (8, 5, 10, 2, 24, '2');

INSERT INTO
    "transcript" (
        "fifteen_minutes_score", "midterm_score", "final_score", "student_id", "subject_id", "semester"
    )
VALUES (9, 9, 9, 2, 25, '2');

INSERT INTO
    "transcript" (
        "fifteen_minutes_score", "midterm_score", "final_score", "student_id", "subject_id", "semester"
    )
VALUES (5, 7, 7, 2, 26, '2');

INSERT INTO
    "transcript" (
        "fifteen_minutes_score", "midterm_score", "final_score", "student_id", "subject_id", "semester"
    )
VALUES (10, 5, 9, 2, 27, '2');

INSERT INTO
    "transcript" (
        "fifteen_minutes_score", "midterm_score", "final_score", "student_id", "subject_id", "semester"
    )
VALUES (7, 7, 10, 2, 28, '2');

INSERT INTO
    "transcript" (
        "fifteen_minutes_score", "midterm_score", "final_score", "student_id", "subject_id", "semester"
    )
VALUES (10, 6, 10, 2, 29, '2');

INSERT INTO
    "transcript" (
        "fifteen_minutes_score", "midterm_score", "final_score", "student_id", "subject_id", "semester"
    )
VALUES (9, 10, 10, 2, 30, '2');

INSERT INTO
    "transcript" (
        "fifteen_minutes_score", "midterm_score", "final_score", "student_id", "subject_id", "semester"
    )
VALUES (10, 7, 7, 2, 31, '2');

INSERT INTO
    "transcript" (
        "fifteen_minutes_score", "midterm_score", "final_score", "student_id", "subject_id", "semester"
    )
VALUES (7, 8, 9, 2, 32, '2');

INSERT INTO
    "transcript" (
        "fifteen_minutes_score", "midterm_score", "final_score", "student_id", "subject_id", "semester"
    )
VALUES (10, 9, 10, 2, 33, '2');

INSERT INTO
    "transcript" (
        "fifteen_minutes_score", "midterm_score", "final_score", "student_id", "subject_id", "semester"
    )
VALUES (8, 10, 7, 2, 34, '2');

INSERT INTO
    "transcript" (
        "fifteen_minutes_score", "midterm_score", "final_score", "student_id", "subject_id", "semester"
    )
VALUES (5, 5, 6, 2, 35, '2');

INSERT INTO
    "transcript" (
        "fifteen_minutes_score", "midterm_score", "final_score", "student_id", "subject_id", "semester"
    )
VALUES (6, 6, 9, 2, 36, '2');

INSERT INTO
    "transcript" (
        "fifteen_minutes_score", "midterm_score", "final_score", "student_id", "subject_id", "semester"
    )
VALUES (8, 10, 6, 2, 37, '2');

INSERT INTO
    "transcript" (
        "fifteen_minutes_score", "midterm_score", "final_score", "student_id", "subject_id", "semester"
    )
VALUES (8, 7, 7, 2, 38, '2');

INSERT INTO
    "transcript" (
        "fifteen_minutes_score", "midterm_score", "final_score", "student_id", "subject_id", "semester"
    )
VALUES (7, 7, 7, 2, 39, '2');

INSERT INTO
    "transcript" (
        "fifteen_minutes_score", "midterm_score", "final_score", "student_id", "subject_id", "semester"
    )
VALUES (6, 5, 7, 3, 1, '2');

INSERT INTO
    "transcript" (
        "fifteen_minutes_score", "midterm_score", "final_score", "student_id", "subject_id", "semester"
    )
VALUES (10, 7, 10, 3, 2, '2');

INSERT INTO
    "transcript" (
        "fifteen_minutes_score", "midterm_score", "final_score", "student_id", "subject_id", "semester"
    )
VALUES (9, 5, 6, 3, 3, '2');

INSERT INTO
    "transcript" (
        "fifteen_minutes_score", "midterm_score", "final_score", "student_id", "subject_id", "semester"
    )
VALUES (10, 6, 6, 3, 4, '2');

INSERT INTO
    "transcript" (
        "fifteen_minutes_score", "midterm_score", "final_score", "student_id", "subject_id", "semester"
    )
VALUES (5, 8, 8, 3, 5, '2');

INSERT INTO
    "transcript" (
        "fifteen_minutes_score", "midterm_score", "final_score", "student_id", "subject_id", "semester"
    )
VALUES (7, 8, 10, 3, 6, '2');

INSERT INTO
    "transcript" (
        "fifteen_minutes_score", "midterm_score", "final_score", "student_id", "subject_id", "semester"
    )
VALUES (6, 7, 6, 3, 7, '2');

INSERT INTO
    "transcript" (
        "fifteen_minutes_score", "midterm_score", "final_score", "student_id", "subject_id", "semester"
    )
VALUES (8, 9, 10, 3, 8, '2');

INSERT INTO
    "transcript" (
        "fifteen_minutes_score", "midterm_score", "final_score", "student_id", "subject_id", "semester"
    )
VALUES (5, 5, 7, 3, 9, '2');

INSERT INTO
    "transcript" (
        "fifteen_minutes_score", "midterm_score", "final_score", "student_id", "subject_id", "semester"
    )
VALUES (5, 5, 8, 3, 10, '2');

INSERT INTO
    "transcript" (
        "fifteen_minutes_score", "midterm_score", "final_score", "student_id", "subject_id", "semester"
    )
VALUES (10, 6, 8, 3, 11, '2');

INSERT INTO
    "transcript" (
        "fifteen_minutes_score", "midterm_score", "final_score", "student_id", "subject_id", "semester"
    )
VALUES (7, 5, 10, 3, 12, '2');

INSERT INTO
    "transcript" (
        "fifteen_minutes_score", "midterm_score", "final_score", "student_id", "subject_id", "semester"
    )
VALUES (10, 8, 6, 3, 13, '2');

INSERT INTO
    "transcript" (
        "fifteen_minutes_score", "midterm_score", "final_score", "student_id", "subject_id", "semester"
    )
VALUES (6, 6, 8, 3, 14, '2');

INSERT INTO
    "transcript" (
        "fifteen_minutes_score", "midterm_score", "final_score", "student_id", "subject_id", "semester"
    )
VALUES (8, 5, 9, 3, 15, '2');

INSERT INTO
    "transcript" (
        "fifteen_minutes_score", "midterm_score", "final_score", "student_id", "subject_id", "semester"
    )
VALUES (7, 8, 6, 3, 16, '2');

INSERT INTO
    "transcript" (
        "fifteen_minutes_score", "midterm_score", "final_score", "student_id", "subject_id", "semester"
    )
VALUES (5, 5, 9, 3, 17, '2');

INSERT INTO
    "transcript" (
        "fifteen_minutes_score", "midterm_score", "final_score", "student_id", "subject_id", "semester"
    )
VALUES (8, 8, 8, 3, 18, '2');

INSERT INTO
    "transcript" (
        "fifteen_minutes_score", "midterm_score", "final_score", "student_id", "subject_id", "semester"
    )
VALUES (8, 6, 8, 3, 19, '2');

INSERT INTO
    "transcript" (
        "fifteen_minutes_score", "midterm_score", "final_score", "student_id", "subject_id", "semester"
    )
VALUES (10, 5, 7, 3, 20, '2');

INSERT INTO
    "transcript" (
        "fifteen_minutes_score", "midterm_score", "final_score", "student_id", "subject_id", "semester"
    )
VALUES (5, 10, 8, 3, 21, '2');

INSERT INTO
    "transcript" (
        "fifteen_minutes_score", "midterm_score", "final_score", "student_id", "subject_id", "semester"
    )
VALUES (10, 7, 7, 3, 22, '2');

INSERT INTO
    "transcript" (
        "fifteen_minutes_score", "midterm_score", "final_score", "student_id", "subject_id", "semester"
    )
VALUES (7, 10, 9, 3, 23, '2');

INSERT INTO
    "transcript" (
        "fifteen_minutes_score", "midterm_score", "final_score", "student_id", "subject_id", "semester"
    )
VALUES (6, 5, 7, 3, 24, '2');

INSERT INTO
    "transcript" (
        "fifteen_minutes_score", "midterm_score", "final_score", "student_id", "subject_id", "semester"
    )
VALUES (6, 8, 8, 3, 25, '2');

INSERT INTO
    "transcript" (
        "fifteen_minutes_score", "midterm_score", "final_score", "student_id", "subject_id", "semester"
    )
VALUES (10, 5, 10, 3, 26, '2');

INSERT INTO
    "transcript" (
        "fifteen_minutes_score", "midterm_score", "final_score", "student_id", "subject_id", "semester"
    )
VALUES (6, 7, 10, 3, 27, '2');

INSERT INTO
    "transcript" (
        "fifteen_minutes_score", "midterm_score", "final_score", "student_id", "subject_id", "semester"
    )
VALUES (10, 5, 8, 3, 28, '2');

INSERT INTO
    "transcript" (
        "fifteen_minutes_score", "midterm_score", "final_score", "student_id", "subject_id", "semester"
    )
VALUES (7, 6, 7, 3, 29, '2');

INSERT INTO
    "transcript" (
        "fifteen_minutes_score", "midterm_score", "final_score", "student_id", "subject_id", "semester"
    )
VALUES (9, 5, 6, 3, 30, '2');

INSERT INTO
    "transcript" (
        "fifteen_minutes_score", "midterm_score", "final_score", "student_id", "subject_id", "semester"
    )
VALUES (9, 5, 10, 3, 31, '2');

INSERT INTO
    "transcript" (
        "fifteen_minutes_score", "midterm_score", "final_score", "student_id", "subject_id", "semester"
    )
VALUES (7, 10, 10, 3, 32, '2');

INSERT INTO
    "transcript" (
        "fifteen_minutes_score", "midterm_score", "final_score", "student_id", "subject_id", "semester"
    )
VALUES (7, 8, 9, 3, 33, '2');

INSERT INTO
    "transcript" (
        "fifteen_minutes_score", "midterm_score", "final_score", "student_id", "subject_id", "semester"
    )
VALUES (10, 6, 7, 3, 34, '2');

INSERT INTO
    "transcript" (
        "fifteen_minutes_score", "midterm_score", "final_score", "student_id", "subject_id", "semester"
    )
VALUES (5, 5, 10, 3, 35, '2');

INSERT INTO
    "transcript" (
        "fifteen_minutes_score", "midterm_score", "final_score", "student_id", "subject_id", "semester"
    )
VALUES (8, 8, 10, 3, 36, '2');

INSERT INTO
    "transcript" (
        "fifteen_minutes_score", "midterm_score", "final_score", "student_id", "subject_id", "semester"
    )
VALUES (6, 6, 6, 3, 37, '2');

INSERT INTO
    "transcript" (
        "fifteen_minutes_score", "midterm_score", "final_score", "student_id", "subject_id", "semester"
    )
VALUES (10, 6, 8, 3, 38, '2');

INSERT INTO
    "transcript" (
        "fifteen_minutes_score", "midterm_score", "final_score", "student_id", "subject_id", "semester"
    )
VALUES (8, 8, 8, 3, 39, '2');

INSERT INTO
    "transcript" (
        "fifteen_minutes_score", "midterm_score", "final_score", "student_id", "subject_id", "semester"
    )
VALUES (10, 9, 10, 4, 1, '2');

INSERT INTO
    "transcript" (
        "fifteen_minutes_score", "midterm_score", "final_score", "student_id", "subject_id", "semester"
    )
VALUES (10, 7, 8, 4, 2, '2');

INSERT INTO
    "transcript" (
        "fifteen_minutes_score", "midterm_score", "final_score", "student_id", "subject_id", "semester"
    )
VALUES (10, 7, 7, 4, 3, '2');

INSERT INTO
    "transcript" (
        "fifteen_minutes_score", "midterm_score", "final_score", "student_id", "subject_id", "semester"
    )
VALUES (6, 7, 6, 4, 4, '2');

INSERT INTO
    "transcript" (
        "fifteen_minutes_score", "midterm_score", "final_score", "student_id", "subject_id", "semester"
    )
VALUES (6, 9, 6, 4, 5, '2');

INSERT INTO
    "transcript" (
        "fifteen_minutes_score", "midterm_score", "final_score", "student_id", "subject_id", "semester"
    )
VALUES (9, 8, 7, 4, 6, '2');

INSERT INTO
    "transcript" (
        "fifteen_minutes_score", "midterm_score", "final_score", "student_id", "subject_id", "semester"
    )
VALUES (10, 5, 10, 4, 7, '2');

INSERT INTO
    "transcript" (
        "fifteen_minutes_score", "midterm_score", "final_score", "student_id", "subject_id", "semester"
    )
VALUES (7, 6, 7, 4, 8, '2');

INSERT INTO
    "transcript" (
        "fifteen_minutes_score", "midterm_score", "final_score", "student_id", "subject_id", "semester"
    )
VALUES (9, 10, 7, 4, 9, '2');

INSERT INTO
    "transcript" (
        "fifteen_minutes_score", "midterm_score", "final_score", "student_id", "subject_id", "semester"
    )
VALUES (8, 9, 7, 4, 10, '2');

INSERT INTO
    "transcript" (
        "fifteen_minutes_score", "midterm_score", "final_score", "student_id", "subject_id", "semester"
    )
VALUES (6, 6, 8, 4, 11, '2');

INSERT INTO
    "transcript" (
        "fifteen_minutes_score", "midterm_score", "final_score", "student_id", "subject_id", "semester"
    )
VALUES (10, 7, 6, 4, 12, '2');

INSERT INTO
    "transcript" (
        "fifteen_minutes_score", "midterm_score", "final_score", "student_id", "subject_id", "semester"
    )
VALUES (5, 8, 9, 4, 13, '2');

INSERT INTO
    "transcript" (
        "fifteen_minutes_score", "midterm_score", "final_score", "student_id", "subject_id", "semester"
    )
VALUES (7, 9, 9, 4, 14, '2');

INSERT INTO
    "transcript" (
        "fifteen_minutes_score", "midterm_score", "final_score", "student_id", "subject_id", "semester"
    )
VALUES (6, 5, 6, 4, 15, '2');

INSERT INTO
    "transcript" (
        "fifteen_minutes_score", "midterm_score", "final_score", "student_id", "subject_id", "semester"
    )
VALUES (7, 7, 7, 4, 16, '2');

INSERT INTO
    "transcript" (
        "fifteen_minutes_score", "midterm_score", "final_score", "student_id", "subject_id", "semester"
    )
VALUES (5, 6, 7, 4, 17, '2');

INSERT INTO
    "transcript" (
        "fifteen_minutes_score", "midterm_score", "final_score", "student_id", "subject_id", "semester"
    )
VALUES (8, 6, 7, 4, 18, '2');

INSERT INTO
    "transcript" (
        "fifteen_minutes_score", "midterm_score", "final_score", "student_id", "subject_id", "semester"
    )
VALUES (5, 6, 9, 4, 19, '2');

INSERT INTO
    "transcript" (
        "fifteen_minutes_score", "midterm_score", "final_score", "student_id", "subject_id", "semester"
    )
VALUES (10, 9, 6, 4, 20, '2');

INSERT INTO
    "transcript" (
        "fifteen_minutes_score", "midterm_score", "final_score", "student_id", "subject_id", "semester"
    )
VALUES (10, 5, 8, 4, 21, '2');

INSERT INTO
    "transcript" (
        "fifteen_minutes_score", "midterm_score", "final_score", "student_id", "subject_id", "semester"
    )
VALUES (8, 7, 8, 4, 22, '2');

INSERT INTO
    "transcript" (
        "fifteen_minutes_score", "midterm_score", "final_score", "student_id", "subject_id", "semester"
    )
VALUES (6, 8, 10, 4, 23, '2');

INSERT INTO
    "transcript" (
        "fifteen_minutes_score", "midterm_score", "final_score", "student_id", "subject_id", "semester"
    )
VALUES (8, 6, 6, 4, 24, '2');

INSERT INTO
    "transcript" (
        "fifteen_minutes_score", "midterm_score", "final_score", "student_id", "subject_id", "semester"
    )
VALUES (7, 9, 8, 4, 25, '2');

INSERT INTO
    "transcript" (
        "fifteen_minutes_score", "midterm_score", "final_score", "student_id", "subject_id", "semester"
    )
VALUES (5, 10, 9, 4, 26, '2');

INSERT INTO
    "transcript" (
        "fifteen_minutes_score", "midterm_score", "final_score", "student_id", "subject_id", "semester"
    )
VALUES (5, 6, 8, 4, 27, '2');

INSERT INTO
    "transcript" (
        "fifteen_minutes_score", "midterm_score", "final_score", "student_id", "subject_id", "semester"
    )
VALUES (8, 8, 8, 4, 28, '2');

INSERT INTO
    "transcript" (
        "fifteen_minutes_score", "midterm_score", "final_score", "student_id", "subject_id", "semester"
    )
VALUES (5, 8, 9, 4, 29, '2');

INSERT INTO
    "transcript" (
        "fifteen_minutes_score", "midterm_score", "final_score", "student_id", "subject_id", "semester"
    )
VALUES (6, 10, 6, 4, 30, '2');

INSERT INTO
    "transcript" (
        "fifteen_minutes_score", "midterm_score", "final_score", "student_id", "subject_id", "semester"
    )
VALUES (10, 5, 10, 4, 31, '2');

INSERT INTO
    "transcript" (
        "fifteen_minutes_score", "midterm_score", "final_score", "student_id", "subject_id", "semester"
    )
VALUES (5, 10, 8, 4, 32, '2');

INSERT INTO
    "transcript" (
        "fifteen_minutes_score", "midterm_score", "final_score", "student_id", "subject_id", "semester"
    )
VALUES (5, 9, 9, 4, 33, '2');

INSERT INTO
    "transcript" (
        "fifteen_minutes_score", "midterm_score", "final_score", "student_id", "subject_id", "semester"
    )
VALUES (7, 7, 8, 4, 34, '2');

INSERT INTO
    "transcript" (
        "fifteen_minutes_score", "midterm_score", "final_score", "student_id", "subject_id", "semester"
    )
VALUES (6, 10, 7, 4, 35, '2');

INSERT INTO
    "transcript" (
        "fifteen_minutes_score", "midterm_score", "final_score", "student_id", "subject_id", "semester"
    )
VALUES (7, 6, 9, 4, 36, '2');

INSERT INTO
    "transcript" (
        "fifteen_minutes_score", "midterm_score", "final_score", "student_id", "subject_id", "semester"
    )
VALUES (5, 7, 8, 4, 37, '2');

INSERT INTO
    "transcript" (
        "fifteen_minutes_score", "midterm_score", "final_score", "student_id", "subject_id", "semester"
    )
VALUES (6, 5, 8, 4, 38, '2');

INSERT INTO
    "transcript" (
        "fifteen_minutes_score", "midterm_score", "final_score", "student_id", "subject_id", "semester"
    )
VALUES (6, 7, 8, 4, 39, '2');

INSERT INTO
    "transcript" (
        "fifteen_minutes_score", "midterm_score", "final_score", "student_id", "subject_id", "semester"
    )
VALUES (7, 5, 8, 5, 1, '2');

INSERT INTO
    "transcript" (
        "fifteen_minutes_score", "midterm_score", "final_score", "student_id", "subject_id", "semester"
    )
VALUES (10, 7, 6, 5, 2, '2');

INSERT INTO
    "transcript" (
        "fifteen_minutes_score", "midterm_score", "final_score", "student_id", "subject_id", "semester"
    )
VALUES (9, 8, 10, 5, 3, '2');

INSERT INTO
    "transcript" (
        "fifteen_minutes_score", "midterm_score", "final_score", "student_id", "subject_id", "semester"
    )
VALUES (5, 8, 10, 5, 4, '2');

INSERT INTO
    "transcript" (
        "fifteen_minutes_score", "midterm_score", "final_score", "student_id", "subject_id", "semester"
    )
VALUES (7, 10, 10, 5, 5, '2');

INSERT INTO
    "transcript" (
        "fifteen_minutes_score", "midterm_score", "final_score", "student_id", "subject_id", "semester"
    )
VALUES (9, 9, 6, 5, 6, '2');

INSERT INTO
    "transcript" (
        "fifteen_minutes_score", "midterm_score", "final_score", "student_id", "subject_id", "semester"
    )
VALUES (9, 9, 9, 5, 7, '2');

INSERT INTO
    "transcript" (
        "fifteen_minutes_score", "midterm_score", "final_score", "student_id", "subject_id", "semester"
    )
VALUES (6, 10, 9, 5, 8, '2');

INSERT INTO
    "transcript" (
        "fifteen_minutes_score", "midterm_score", "final_score", "student_id", "subject_id", "semester"
    )
VALUES (10, 7, 7, 5, 9, '2');

INSERT INTO
    "transcript" (
        "fifteen_minutes_score", "midterm_score", "final_score", "student_id", "subject_id", "semester"
    )
VALUES (6, 10, 8, 5, 10, '2');

INSERT INTO
    "transcript" (
        "fifteen_minutes_score", "midterm_score", "final_score", "student_id", "subject_id", "semester"
    )
VALUES (9, 8, 7, 5, 11, '2');

INSERT INTO
    "transcript" (
        "fifteen_minutes_score", "midterm_score", "final_score", "student_id", "subject_id", "semester"
    )
VALUES (9, 6, 6, 5, 12, '2');

INSERT INTO
    "transcript" (
        "fifteen_minutes_score", "midterm_score", "final_score", "student_id", "subject_id", "semester"
    )
VALUES (7, 6, 7, 5, 13, '2');

INSERT INTO
    "transcript" (
        "fifteen_minutes_score", "midterm_score", "final_score", "student_id", "subject_id", "semester"
    )
VALUES (5, 7, 10, 5, 14, '2');

INSERT INTO
    "transcript" (
        "fifteen_minutes_score", "midterm_score", "final_score", "student_id", "subject_id", "semester"
    )
VALUES (8, 6, 6, 5, 15, '2');

INSERT INTO
    "transcript" (
        "fifteen_minutes_score", "midterm_score", "final_score", "student_id", "subject_id", "semester"
    )
VALUES (6, 7, 6, 5, 16, '2');

INSERT INTO
    "transcript" (
        "fifteen_minutes_score", "midterm_score", "final_score", "student_id", "subject_id", "semester"
    )
VALUES (6, 10, 6, 5, 17, '2');

INSERT INTO
    "transcript" (
        "fifteen_minutes_score", "midterm_score", "final_score", "student_id", "subject_id", "semester"
    )
VALUES (8, 5, 10, 5, 18, '2');

INSERT INTO
    "transcript" (
        "fifteen_minutes_score", "midterm_score", "final_score", "student_id", "subject_id", "semester"
    )
VALUES (10, 8, 8, 5, 19, '2');

INSERT INTO
    "transcript" (
        "fifteen_minutes_score", "midterm_score", "final_score", "student_id", "subject_id", "semester"
    )
VALUES (6, 6, 9, 5, 20, '2');

INSERT INTO
    "transcript" (
        "fifteen_minutes_score", "midterm_score", "final_score", "student_id", "subject_id", "semester"
    )
VALUES (9, 7, 8, 5, 21, '2');

INSERT INTO
    "transcript" (
        "fifteen_minutes_score", "midterm_score", "final_score", "student_id", "subject_id", "semester"
    )
VALUES (5, 6, 9, 5, 22, '2');

INSERT INTO
    "transcript" (
        "fifteen_minutes_score", "midterm_score", "final_score", "student_id", "subject_id", "semester"
    )
VALUES (10, 5, 9, 5, 23, '2');

INSERT INTO
    "transcript" (
        "fifteen_minutes_score", "midterm_score", "final_score", "student_id", "subject_id", "semester"
    )
VALUES (10, 6, 7, 5, 24, '2');

INSERT INTO
    "transcript" (
        "fifteen_minutes_score", "midterm_score", "final_score", "student_id", "subject_id", "semester"
    )
VALUES (10, 10, 9, 5, 25, '2');

INSERT INTO
    "transcript" (
        "fifteen_minutes_score", "midterm_score", "final_score", "student_id", "subject_id", "semester"
    )
VALUES (6, 10, 9, 5, 26, '2');

INSERT INTO
    "transcript" (
        "fifteen_minutes_score", "midterm_score", "final_score", "student_id", "subject_id", "semester"
    )
VALUES (7, 9, 9, 5, 27, '2');

INSERT INTO
    "transcript" (
        "fifteen_minutes_score", "midterm_score", "final_score", "student_id", "subject_id", "semester"
    )
VALUES (7, 6, 7, 5, 28, '2');

INSERT INTO
    "transcript" (
        "fifteen_minutes_score", "midterm_score", "final_score", "student_id", "subject_id", "semester"
    )
VALUES (5, 7, 10, 5, 29, '2');

INSERT INTO
    "transcript" (
        "fifteen_minutes_score", "midterm_score", "final_score", "student_id", "subject_id", "semester"
    )
VALUES (6, 9, 10, 5, 30, '2');

INSERT INTO
    "transcript" (
        "fifteen_minutes_score", "midterm_score", "final_score", "student_id", "subject_id", "semester"
    )
VALUES (6, 6, 9, 5, 31, '2');

INSERT INTO
    "transcript" (
        "fifteen_minutes_score", "midterm_score", "final_score", "student_id", "subject_id", "semester"
    )
VALUES (7, 10, 7, 5, 32, '2');

INSERT INTO
    "transcript" (
        "fifteen_minutes_score", "midterm_score", "final_score", "student_id", "subject_id", "semester"
    )
VALUES (6, 9, 6, 5, 33, '2');

INSERT INTO
    "transcript" (
        "fifteen_minutes_score", "midterm_score", "final_score", "student_id", "subject_id", "semester"
    )
VALUES (8, 9, 7, 5, 34, '2');

INSERT INTO
    "transcript" (
        "fifteen_minutes_score", "midterm_score", "final_score", "student_id", "subject_id", "semester"
    )
VALUES (10, 5, 9, 5, 35, '2');

INSERT INTO
    "transcript" (
        "fifteen_minutes_score", "midterm_score", "final_score", "student_id", "subject_id", "semester"
    )
VALUES (6, 5, 10, 5, 36, '2');

INSERT INTO
    "transcript" (
        "fifteen_minutes_score", "midterm_score", "final_score", "student_id", "subject_id", "semester"
    )
VALUES (10, 7, 9, 5, 37, '2');

INSERT INTO
    "transcript" (
        "fifteen_minutes_score", "midterm_score", "final_score", "student_id", "subject_id", "semester"
    )
VALUES (9, 9, 6, 5, 38, '2');

INSERT INTO
    "transcript" (
        "fifteen_minutes_score", "midterm_score", "final_score", "student_id", "subject_id", "semester"
    )
VALUES (9, 9, 6, 5, 39, '2');

-- OF
INSERT INTO
    "of" (student_id, class_id)
VALUES (1, 1),
    (1, 11),
    (1, 21),
    (2, 1),
    (2, 11),
    (2, 21),
    (3, 1),
    (3, 11),
    (3, 21);

-- LEARN 
INSERT INTO "learn"("class_id","subject_id", "teacher_id") VALUES(1,1, 15);
INSERT INTO "learn"("class_id","subject_id", "teacher_id") VALUES(1,2, 15);
INSERT INTO "learn"("class_id","subject_id", "teacher_id") VALUES(1,3, 15);
INSERT INTO "learn"("class_id","subject_id", "teacher_id") VALUES(1,4, 15);
INSERT INTO "learn"("class_id","subject_id", "teacher_id") VALUES(1,5, 15);
INSERT INTO "learn"("class_id","subject_id", "teacher_id") VALUES(1,6, 15);
INSERT INTO "learn"("class_id","subject_id", "teacher_id") VALUES(1,7, 15);
INSERT INTO "learn"("class_id","subject_id", "teacher_id") VALUES(1,8, 15);
INSERT INTO "learn"("class_id","subject_id", "teacher_id") VALUES(1,9, 15);
INSERT INTO "learn"("class_id","subject_id", "teacher_id") VALUES(1,10, 15);
INSERT INTO "learn"("class_id","subject_id", "teacher_id") VALUES(1,11, 15);
INSERT INTO "learn"("class_id","subject_id", "teacher_id") VALUES(1,12, 15);
INSERT INTO "learn"("class_id","subject_id", "teacher_id") VALUES(1,13, 15);
INSERT INTO "learn"("class_id","subject_id", "teacher_id") VALUES(11,14, 15);
INSERT INTO "learn"("class_id","subject_id", "teacher_id") VALUES(11,15, 15);
INSERT INTO "learn"("class_id","subject_id", "teacher_id") VALUES(11,16, 15);
INSERT INTO "learn"("class_id","subject_id", "teacher_id") VALUES(11,17, 15);
INSERT INTO "learn"("class_id","subject_id", "teacher_id") VALUES(11,18, 15);
INSERT INTO "learn"("class_id","subject_id", "teacher_id") VALUES(11,19, 15);
INSERT INTO "learn"("class_id","subject_id", "teacher_id") VALUES(11,20, 15);
INSERT INTO "learn"("class_id","subject_id", "teacher_id") VALUES(11,21, 15);
INSERT INTO "learn"("class_id","subject_id", "teacher_id") VALUES(11,22, 15);
INSERT INTO "learn"("class_id","subject_id", "teacher_id") VALUES(11,23, 15);
INSERT INTO "learn"("class_id","subject_id", "teacher_id") VALUES(11,24, 15);
INSERT INTO "learn"("class_id","subject_id", "teacher_id") VALUES(11,25, 15);
INSERT INTO "learn"("class_id","subject_id", "teacher_id") VALUES(11,26, 15);
INSERT INTO "learn"("class_id","subject_id", "teacher_id") VALUES(21,27, 15);
INSERT INTO "learn"("class_id","subject_id", "teacher_id") VALUES(21,28, 15);
INSERT INTO "learn"("class_id","subject_id", "teacher_id") VALUES(21,29, 15);
INSERT INTO "learn"("class_id","subject_id", "teacher_id") VALUES(21,30, 15);
INSERT INTO "learn"("class_id","subject_id", "teacher_id") VALUES(21,31, 15);
INSERT INTO "learn"("class_id","subject_id", "teacher_id") VALUES(21,32, 15);
INSERT INTO "learn"("class_id","subject_id", "teacher_id") VALUES(21,33, 15);
INSERT INTO "learn"("class_id","subject_id", "teacher_id") VALUES(21,34, 15);
INSERT INTO "learn"("class_id","subject_id", "teacher_id") VALUES(21,35, 15);
INSERT INTO "learn"("class_id","subject_id", "teacher_id") VALUES(21,36, 15);
INSERT INTO "learn"("class_id","subject_id", "teacher_id") VALUES(21,37, 15);
INSERT INTO "learn"("class_id","subject_id", "teacher_id") VALUES(21,38, 15);
INSERT INTO "learn"("class_id","subject_id", "teacher_id") VALUES(21,39, 15);