--
-- PostgreSQL database dump
--

-- Dumped from database version 16.0
-- Dumped by pg_dump version 16.1

SET statement_timeout = 0;
SET lock_timeout = 0;
SET idle_in_transaction_session_timeout = 0;
SET client_encoding = 'UTF8';
SET standard_conforming_strings = on;
SELECT pg_catalog.set_config('search_path', '', false);
SET check_function_bodies = false;
SET xmloption = content;
SET client_min_messages = warning;
SET row_security = off;

--
-- Name: public; Type: SCHEMA; Schema: -; Owner: pg_database_owner
--

CREATE SCHEMA public;


ALTER SCHEMA public OWNER TO pg_database_owner;

--
-- Name: SCHEMA public; Type: COMMENT; Schema: -; Owner: pg_database_owner
--

COMMENT ON SCHEMA public IS 'standard public schema';


--
-- Name: interact_type; Type: TYPE; Schema: public; Owner: dev
--

CREATE TYPE public.interact_type AS ENUM (
    'like',
    'love',
    'haha',
    'wow',
    'sad',
    'angry'
);


ALTER TYPE public.interact_type OWNER TO dev;

--
-- Name: member_role; Type: TYPE; Schema: public; Owner: dev
--

CREATE TYPE public.member_role AS ENUM (
    'admin',
    'user'
);


ALTER TYPE public.member_role OWNER TO dev;

--
-- Name: member_status; Type: TYPE; Schema: public; Owner: dev
--

CREATE TYPE public.member_status AS ENUM (
    'block',
    'active',
    'pending'
);


ALTER TYPE public.member_status OWNER TO dev;

--
-- Name: user_role; Type: TYPE; Schema: public; Owner: dev
--

CREATE TYPE public.user_role AS ENUM (
    'admin',
    'teacher',
    'student',
    'parent',
    'user'
);


ALTER TYPE public.user_role OWNER TO dev;

--
-- Name: user_sex; Type: TYPE; Schema: public; Owner: dev
--

CREATE TYPE public.user_sex AS ENUM (
    'male',
    'female',
    'other'
);


ALTER TYPE public.user_sex OWNER TO dev;

SET default_tablespace = '';

SET default_table_access_method = heap;

--
-- Name: account; Type: TABLE; Schema: public; Owner: dev
--

CREATE TABLE public.account (
    id integer NOT NULL,
    username character varying,
    password character varying,
    create_at timestamp without time zone DEFAULT now() NOT NULL,
    update_at timestamp without time zone DEFAULT now() NOT NULL,
    deleted boolean DEFAULT false NOT NULL
);


ALTER TABLE public.account OWNER TO dev;

--
-- Name: admin; Type: TABLE; Schema: public; Owner: dev
--

CREATE TABLE public.admin (
    id integer NOT NULL,
    school_id integer,
    create_at timestamp without time zone DEFAULT now() NOT NULL,
    update_at timestamp without time zone DEFAULT now() NOT NULL,
    deleted boolean DEFAULT false NOT NULL
);


ALTER TABLE public.admin OWNER TO dev;

--
-- Name: calendar; Type: TABLE; Schema: public; Owner: dev
--

CREATE TABLE public.calendar (
    id integer NOT NULL,
    "calendarId" character varying NOT NULL,
    title character varying NOT NULL,
    category character varying NOT NULL,
    location character varying,
    state character varying,
    start character varying NOT NULL,
    "end" character varying NOT NULL,
    user_id integer NOT NULL,
    create_at timestamp without time zone DEFAULT now() NOT NULL,
    update_at timestamp without time zone DEFAULT now() NOT NULL,
    deleted boolean DEFAULT false NOT NULL
);


ALTER TABLE public.calendar OWNER TO dev;

--
-- Name: calendar_id_seq; Type: SEQUENCE; Schema: public; Owner: dev
--

ALTER TABLE public.calendar ALTER COLUMN id ADD GENERATED BY DEFAULT AS IDENTITY (
    SEQUENCE NAME public.calendar_id_seq
    START WITH 1
    INCREMENT BY 1
    NO MINVALUE
    NO MAXVALUE
    CACHE 1
);


--
-- Name: classroom; Type: TABLE; Schema: public; Owner: dev
--

CREATE TABLE public.classroom (
    id integer NOT NULL,
    name character varying,
    create_at timestamp without time zone DEFAULT now() NOT NULL,
    update_at timestamp without time zone DEFAULT now() NOT NULL,
    deleted boolean DEFAULT false NOT NULL,
    school_id integer
);


ALTER TABLE public.classroom OWNER TO dev;

--
-- Name: classroom_id_seq; Type: SEQUENCE; Schema: public; Owner: dev
--

ALTER TABLE public.classroom ALTER COLUMN id ADD GENERATED BY DEFAULT AS IDENTITY (
    SEQUENCE NAME public.classroom_id_seq
    START WITH 1
    INCREMENT BY 1
    NO MINVALUE
    NO MAXVALUE
    CACHE 1
);


--
-- Name: document; Type: TABLE; Schema: public; Owner: dev
--

CREATE TABLE public.document (
    id integer NOT NULL,
    title character varying,
    url character varying,
    subject_id integer,
    class_id integer,
    teacher_id integer,
    document_uuid uuid DEFAULT public.uuid_generate_v4() NOT NULL,
    public boolean DEFAULT false NOT NULL,
    create_at timestamp without time zone DEFAULT now() NOT NULL,
    update_at timestamp without time zone DEFAULT now() NOT NULL,
    deleted boolean DEFAULT false NOT NULL
);


ALTER TABLE public.document OWNER TO dev;

--
-- Name: document_id_seq; Type: SEQUENCE; Schema: public; Owner: dev
--

ALTER TABLE public.document ALTER COLUMN id ADD GENERATED BY DEFAULT AS IDENTITY (
    SEQUENCE NAME public.document_id_seq
    START WITH 1
    INCREMENT BY 1
    NO MINVALUE
    NO MAXVALUE
    CACHE 1
);


--
-- Name: follow; Type: TABLE; Schema: public; Owner: dev
--

CREATE TABLE public.follow (
    follower_id integer NOT NULL,
    followed_id integer NOT NULL,
    follow_times integer DEFAULT 1 NOT NULL,
    create_at timestamp without time zone DEFAULT now() NOT NULL,
    update_at timestamp without time zone DEFAULT now() NOT NULL,
    deleted boolean DEFAULT false NOT NULL
);


ALTER TABLE public.follow OWNER TO dev;

--
-- Name: group; Type: TABLE; Schema: public; Owner: dev
--

CREATE TABLE public."group" (
    id integer NOT NULL,
    avatar character varying,
    background character varying,
    title character varying,
    meta_title character varying,
    create_at timestamp without time zone DEFAULT now() NOT NULL,
    update_at timestamp without time zone DEFAULT now() NOT NULL,
    deleted boolean DEFAULT false NOT NULL,
    group_uuid uuid DEFAULT public.uuid_generate_v4() NOT NULL
);


ALTER TABLE public."group" OWNER TO dev;

--
-- Name: group_id_seq; Type: SEQUENCE; Schema: public; Owner: dev
--

ALTER TABLE public."group" ALTER COLUMN id ADD GENERATED BY DEFAULT AS IDENTITY (
    SEQUENCE NAME public.group_id_seq
    START WITH 1
    INCREMENT BY 1
    NO MINVALUE
    NO MAXVALUE
    CACHE 1
);


--
-- Name: interact; Type: TABLE; Schema: public; Owner: dev
--

CREATE TABLE public.interact (
    user_id integer NOT NULL,
    post_id integer NOT NULL,
    type public.interact_type,
    create_at timestamp without time zone DEFAULT now() NOT NULL,
    update_at timestamp without time zone DEFAULT now() NOT NULL,
    deleted boolean DEFAULT false NOT NULL
);


ALTER TABLE public.interact OWNER TO dev;

--
-- Name: learn; Type: TABLE; Schema: public; Owner: dev
--

CREATE TABLE public.learn (
    class_id integer NOT NULL,
    subject_id integer NOT NULL,
    teacher_id integer NOT NULL,
    create_at timestamp without time zone DEFAULT now() NOT NULL,
    update_at timestamp without time zone DEFAULT now() NOT NULL,
    deleted boolean DEFAULT false NOT NULL
);


ALTER TABLE public.learn OWNER TO dev;

--
-- Name: member; Type: TABLE; Schema: public; Owner: dev
--

CREATE TABLE public.member (
    user_id integer NOT NULL,
    group_id integer NOT NULL,
    role public.member_role,
    status public.member_status DEFAULT 'pending'::public.member_status,
    create_at timestamp without time zone DEFAULT now() NOT NULL,
    update_at timestamp without time zone DEFAULT now() NOT NULL,
    deleted boolean DEFAULT false NOT NULL
);


ALTER TABLE public.member OWNER TO dev;

--
-- Name: notification; Type: TABLE; Schema: public; Owner: dev
--

CREATE TABLE public.notification (
    id integer NOT NULL,
    user_id integer NOT NULL,
    message character varying,
    is_read boolean DEFAULT false NOT NULL,
    create_at timestamp without time zone DEFAULT now() NOT NULL,
    update_at timestamp without time zone DEFAULT now() NOT NULL,
    deleted boolean DEFAULT false NOT NULL
);


ALTER TABLE public.notification OWNER TO dev;

--
-- Name: notification_id_seq; Type: SEQUENCE; Schema: public; Owner: dev
--

ALTER TABLE public.notification ALTER COLUMN id ADD GENERATED BY DEFAULT AS IDENTITY (
    SEQUENCE NAME public.notification_id_seq
    START WITH 1
    INCREMENT BY 1
    NO MINVALUE
    NO MAXVALUE
    CACHE 1
);


--
-- Name: of; Type: TABLE; Schema: public; Owner: dev
--

CREATE TABLE public.of (
    student_id integer NOT NULL,
    class_id integer NOT NULL,
    create_at timestamp without time zone DEFAULT now() NOT NULL,
    update_at timestamp without time zone DEFAULT now() NOT NULL,
    deleted boolean DEFAULT false NOT NULL
);


ALTER TABLE public.of OWNER TO dev;

--
-- Name: parent; Type: TABLE; Schema: public; Owner: dev
--

CREATE TABLE public.parent (
    id integer NOT NULL,
    create_at timestamp without time zone DEFAULT now() NOT NULL,
    update_at timestamp without time zone DEFAULT now() NOT NULL,
    deleted boolean DEFAULT false NOT NULL
);


ALTER TABLE public.parent OWNER TO dev;

--
-- Name: post; Type: TABLE; Schema: public; Owner: dev
--

CREATE TABLE public.post (
    id integer NOT NULL,
    title character varying DEFAULT ''::character varying NOT NULL,
    content character varying,
    file_content text[],
    post_uuid uuid DEFAULT public.uuid_generate_v4() NOT NULL,
    user_id integer NOT NULL,
    parent_post_id integer,
    group_id integer,
    create_at timestamp without time zone DEFAULT now() NOT NULL,
    update_at timestamp without time zone DEFAULT now() NOT NULL,
    deleted boolean DEFAULT false NOT NULL
);


ALTER TABLE public.post OWNER TO dev;

--
-- Name: post_id_seq; Type: SEQUENCE; Schema: public; Owner: dev
--

ALTER TABLE public.post ALTER COLUMN id ADD GENERATED BY DEFAULT AS IDENTITY (
    SEQUENCE NAME public.post_id_seq
    START WITH 1
    INCREMENT BY 1
    NO MINVALUE
    NO MAXVALUE
    CACHE 1
);


--
-- Name: post_summarization; Type: TABLE; Schema: public; Owner: dev
--

CREATE TABLE public.post_summarization (
    id integer NOT NULL,
    content_summarization character varying,
    create_at timestamp without time zone DEFAULT now() NOT NULL,
    update_at timestamp without time zone DEFAULT now() NOT NULL,
    deleted boolean DEFAULT false NOT NULL
);


ALTER TABLE public.post_summarization OWNER TO dev;

--
-- Name: post_summarization_id_seq; Type: SEQUENCE; Schema: public; Owner: dev
--

ALTER TABLE public.post_summarization ALTER COLUMN id ADD GENERATED BY DEFAULT AS IDENTITY (
    SEQUENCE NAME public.post_summarization_id_seq
    START WITH 1
    INCREMENT BY 1
    NO MINVALUE
    NO MAXVALUE
    CACHE 1
);


--
-- Name: post_tag; Type: TABLE; Schema: public; Owner: dev
--

CREATE TABLE public.post_tag (
    id integer NOT NULL,
    post_id integer,
    tag character varying,
    create_at timestamp without time zone DEFAULT now() NOT NULL,
    update_at timestamp without time zone DEFAULT now() NOT NULL,
    deleted boolean DEFAULT false NOT NULL
);


ALTER TABLE public.post_tag OWNER TO dev;

--
-- Name: post_tag_id_seq; Type: SEQUENCE; Schema: public; Owner: dev
--

ALTER TABLE public.post_tag ALTER COLUMN id ADD GENERATED BY DEFAULT AS IDENTITY (
    SEQUENCE NAME public.post_tag_id_seq
    START WITH 1
    INCREMENT BY 1
    NO MINVALUE
    NO MAXVALUE
    CACHE 1
);


--
-- Name: school; Type: TABLE; Schema: public; Owner: dev
--

CREATE TABLE public.school (
    id integer NOT NULL,
    address character varying,
    name character varying,
    create_at timestamp without time zone DEFAULT now() NOT NULL,
    update_at timestamp without time zone DEFAULT now() NOT NULL,
    deleted boolean DEFAULT false NOT NULL
);


ALTER TABLE public.school OWNER TO dev;

--
-- Name: school_id_seq; Type: SEQUENCE; Schema: public; Owner: dev
--

ALTER TABLE public.school ALTER COLUMN id ADD GENERATED BY DEFAULT AS IDENTITY (
    SEQUENCE NAME public.school_id_seq
    START WITH 1
    INCREMENT BY 1
    NO MINVALUE
    NO MAXVALUE
    CACHE 1
);


--
-- Name: student; Type: TABLE; Schema: public; Owner: dev
--

CREATE TABLE public.student (
    id integer NOT NULL,
    parent_id integer,
    create_at timestamp without time zone DEFAULT now() NOT NULL,
    update_at timestamp without time zone DEFAULT now() NOT NULL,
    deleted boolean DEFAULT false NOT NULL,
    school_id integer
);


ALTER TABLE public.student OWNER TO dev;

--
-- Name: subject; Type: TABLE; Schema: public; Owner: dev
--

CREATE TABLE public.subject (
    id integer NOT NULL,
    name character varying,
    create_at timestamp without time zone DEFAULT now() NOT NULL,
    update_at timestamp without time zone DEFAULT now() NOT NULL,
    deleted boolean DEFAULT false NOT NULL
);


ALTER TABLE public.subject OWNER TO dev;

--
-- Name: subject_id_seq; Type: SEQUENCE; Schema: public; Owner: dev
--

ALTER TABLE public.subject ALTER COLUMN id ADD GENERATED BY DEFAULT AS IDENTITY (
    SEQUENCE NAME public.subject_id_seq
    START WITH 1
    INCREMENT BY 1
    NO MINVALUE
    NO MAXVALUE
    CACHE 1
);


--
-- Name: teacher; Type: TABLE; Schema: public; Owner: dev
--

CREATE TABLE public.teacher (
    id integer NOT NULL,
    create_at timestamp without time zone DEFAULT now() NOT NULL,
    update_at timestamp without time zone DEFAULT now() NOT NULL,
    deleted boolean DEFAULT false NOT NULL,
    school_id integer
);


ALTER TABLE public.teacher OWNER TO dev;

--
-- Name: transcript; Type: TABLE; Schema: public; Owner: dev
--

CREATE TABLE public.transcript (
    id integer NOT NULL,
    fifteen_minutes_score double precision,
    midterm_score double precision,
    final_score double precision,
    student_id integer,
    subject_id integer,
    semester character varying NOT NULL,
    create_at timestamp without time zone DEFAULT now() NOT NULL,
    update_at timestamp without time zone DEFAULT now() NOT NULL,
    deleted boolean DEFAULT false NOT NULL
);


ALTER TABLE public.transcript OWNER TO dev;

--
-- Name: transcript_id_seq; Type: SEQUENCE; Schema: public; Owner: dev
--

ALTER TABLE public.transcript ALTER COLUMN id ADD GENERATED BY DEFAULT AS IDENTITY (
    SEQUENCE NAME public.transcript_id_seq
    START WITH 1
    INCREMENT BY 1
    NO MINVALUE
    NO MAXVALUE
    CACHE 1
);


--
-- Name: user; Type: TABLE; Schema: public; Owner: dev
--

CREATE TABLE public."user" (
    id integer NOT NULL,
    address character varying,
    name character varying,
    avatar character varying,
    background character varying,
    role public.user_role NOT NULL,
    phone character varying,
    birthday timestamp without time zone,
    email character varying,
    ssn character varying,
    sex public.user_sex,
    user_uuid uuid DEFAULT public.uuid_generate_v4() NOT NULL,
    create_at timestamp without time zone DEFAULT now() NOT NULL,
    update_at timestamp without time zone DEFAULT now() NOT NULL,
    deleted boolean DEFAULT false NOT NULL
);


ALTER TABLE public."user" OWNER TO dev;

--
-- Name: user_id_seq; Type: SEQUENCE; Schema: public; Owner: dev
--

ALTER TABLE public."user" ALTER COLUMN id ADD GENERATED BY DEFAULT AS IDENTITY (
    SEQUENCE NAME public.user_id_seq
    START WITH 1
    INCREMENT BY 1
    NO MINVALUE
    NO MAXVALUE
    CACHE 1
);


--
-- Data for Name: account; Type: TABLE DATA; Schema: public; Owner: dev
--

COPY public.account (id, username, password, create_at, update_at, deleted) FROM stdin;
1	hoanhao	hoanhao	2024-01-25 09:16:14.351642	2024-01-25 09:16:14.351642	f
2	duyhung	duyhung	2024-01-25 09:16:14.355789	2024-01-25 09:16:14.355789	f
4	tuoitre	tuoitre	2024-01-25 09:16:14.360141	2024-01-25 09:16:14.360141	f
5	thanhnien	thanhnien	2024-01-25 09:16:14.364496	2024-01-25 09:16:14.364496	f
6	khoahoc	khoahoc	2024-01-25 09:16:14.368182	2024-01-25 09:16:14.368182	f
7	bacan	bacan	2024-01-25 09:16:14.371444	2024-01-25 09:16:14.371444	f
8	lichsu	lichsu	2024-01-25 09:16:14.374438	2024-01-25 09:16:14.374438	f
9	express	express	2024-01-25 09:16:14.377415	2024-01-25 09:16:14.377415	f
10	haidang	haidang	2024-01-25 09:16:14.380253	2024-01-25 09:16:14.380253	f
11	thu	thu	2024-03-16 05:57:25.751937	2024-03-16 05:57:25.751937	f
12	bac	bac	2024-03-16 05:57:25.751937	2024-03-16 05:57:25.751937	f
13	vinh	vinh	2024-03-16 05:57:25.751937	2024-03-16 05:57:25.751937	f
14	chien	chien	2024-03-16 05:57:25.751937	2024-03-16 05:57:25.751937	f
15	dao	dao	2024-03-16 05:57:25.751937	2024-03-16 05:57:25.751937	f
31	thib	123123	2024-03-24 16:11:41.217	2024-03-24 16:11:41.217	f
32	thic	123123	2024-03-24 16:14:57.157	2024-03-24 16:14:57.157	f
33	tesths	123123	2024-03-24 16:41:46.091	2024-03-24 16:41:46.091	f
36	t1	123123	2024-03-24 16:45:56.566	2024-03-24 16:45:56.566	f
\.


--
-- Data for Name: admin; Type: TABLE DATA; Schema: public; Owner: dev
--

COPY public.admin (id, school_id, create_at, update_at, deleted) FROM stdin;
14	1	2024-03-16 15:44:02.769637	2024-03-16 15:44:02.769637	f
\.


--
-- Data for Name: calendar; Type: TABLE DATA; Schema: public; Owner: dev
--

COPY public.calendar (id, "calendarId", title, category, location, state, start, "end", user_id, create_at, update_at, deleted) FROM stdin;
2	0	xxz	time	sdfds	Free	2024-03-12T10:30:00.000Z	2024-03-12T11:00:00.000Z	1	2024-03-09 17:20:21.384	2024-03-09 17:20:21.384	f
3	0	hhh	time		Busy	2024-03-13T05:00:00.000Z	2024-03-13T05:59:59.000Z	1	2024-03-09 17:45:39.218	2024-03-09 17:45:39.218	f
4	0	hehe	time	hh	Busy	2024-03-18T21:00:00.000Z	2024-03-18T21:30:00.000Z	14	2024-03-19 13:44:28.853	2024-03-19 13:44:28.853	f
1	0	sss	time	he	Free	2024-03-13T08:30:00.000Z	2024-03-13T11:00:00.000Z	1	2024-03-09 17:17:58.957	2024-03-09 17:17:58.957	f
5	0	3	time		Busy	2024-03-13T12:30:00.000Z	2024-03-13T13:00:00.000Z	1	2024-03-19 14:18:08.396	2024-03-19 14:18:08.396	f
7	0	ddd	time		Busy	2024-03-20T10:30:00.000Z	2024-03-20T11:00:00.000Z	1	2024-03-19 14:22:10.405	2024-03-19 14:22:10.405	f
6	0	ahaha	time		Busy	2024-03-19T09:00:00.000Z	2024-03-19T09:30:00.000Z	1	2024-03-19 14:21:11.324	2024-03-19 14:21:11.324	t
8	0	Demo	time		Busy	2024-03-26T09:00:00.000Z	2024-03-26T12:00:00.000Z	14	2024-03-24 14:42:56.067	2024-03-24 14:42:56.067	f
\.


--
-- Data for Name: classroom; Type: TABLE DATA; Schema: public; Owner: dev
--

COPY public.classroom (id, name, create_at, update_at, deleted, school_id) FROM stdin;
6	10/6	2024-03-11 15:12:20.167153	2024-03-11 15:12:20.167153	f	1
91	bồ dưỡng toán	2024-03-23 09:20:27.121	2024-03-23 09:20:27.121	f	1
93	hoanhao1	2024-03-23 15:19:43.017	2024-03-23 15:19:43.017	f	1
1	10/1	2024-03-11 15:12:20.167153	2024-03-11 15:12:20.167153	f	1
4	10/4	2024-03-11 15:12:20.167153	2024-03-11 15:12:20.167153	f	1
5	10/5	2024-03-11 15:12:20.167153	2024-03-11 15:12:20.167153	f	1
8	10/8	2024-03-11 15:12:20.167153	2024-03-11 15:12:20.167153	f	1
10	10/10	2024-03-11 15:12:20.167153	2024-03-11 15:12:20.167153	f	1
13	11/3	2024-03-11 15:12:20.167153	2024-03-11 15:12:20.167153	f	1
14	11/4	2024-03-11 15:12:20.167153	2024-03-11 15:12:20.167153	f	1
17	11/7	2024-03-11 15:12:20.167153	2024-03-11 15:12:20.167153	f	1
18	11/8	2024-03-11 15:12:20.167153	2024-03-11 15:12:20.167153	f	1
19	11/9	2024-03-11 15:12:20.167153	2024-03-11 15:12:20.167153	f	1
20	11/10	2024-03-11 15:12:20.167153	2024-03-11 15:12:20.167153	f	1
21	12/1	2024-03-11 15:12:20.167153	2024-03-11 15:12:20.167153	f	1
22	12/2	2024-03-11 15:12:20.167153	2024-03-11 15:12:20.167153	f	1
23	12/3	2024-03-11 15:12:20.167153	2024-03-11 15:12:20.167153	f	1
24	12/4	2024-03-11 15:12:20.167153	2024-03-11 15:12:20.167153	f	1
25	12/5	2024-03-11 15:12:20.167153	2024-03-11 15:12:20.167153	f	1
26	12/6	2024-03-11 15:12:20.167153	2024-03-11 15:12:20.167153	f	1
27	12/7	2024-03-11 15:12:20.167153	2024-03-11 15:12:20.167153	f	1
28	12/8	2024-03-11 15:12:20.167153	2024-03-11 15:12:20.167153	f	1
29	12/9	2024-03-11 15:12:20.167153	2024-03-11 15:12:20.167153	f	1
30	12/10	2024-03-11 15:12:20.167153	2024-03-11 15:12:20.167153	f	1
15	11/5	2024-03-11 15:12:20.167153	2024-03-11 15:12:20.167153	f	1
11	11/1	2024-03-11 15:12:20.167153	2024-03-11 15:12:20.167153	f	1
16	11/6	2024-03-11 15:12:20.167153	2024-03-11 15:12:20.167153	f	1
12	11/2	2024-03-11 15:12:20.167153	2024-03-11 15:12:20.167153	f	1
3	10/3	2024-03-11 15:12:20.167153	2024-03-11 15:12:20.167153	f	1
7	10/7	2024-03-11 15:12:20.167153	2024-03-11 15:12:20.167153	f	1
9	10/9	2024-03-11 15:12:20.167153	2024-03-11 15:12:20.167153	f	1
2	10/2	2024-03-11 15:12:20.167153	2024-03-11 15:12:20.167153	f	1
31	10/1	2024-03-11 15:12:20.167153	2024-03-11 15:12:20.167153	f	2
32	10/2	2024-03-11 15:12:20.167153	2024-03-11 15:12:20.167153	f	2
33	10/3	2024-03-11 15:12:20.167153	2024-03-11 15:12:20.167153	f	2
34	10/4	2024-03-11 15:12:20.167153	2024-03-11 15:12:20.167153	f	2
35	10/5	2024-03-11 15:12:20.167153	2024-03-11 15:12:20.167153	f	2
36	10/6	2024-03-11 15:12:20.167153	2024-03-11 15:12:20.167153	f	2
37	10/7	2024-03-11 15:12:20.167153	2024-03-11 15:12:20.167153	f	2
38	10/8	2024-03-11 15:12:20.167153	2024-03-11 15:12:20.167153	f	2
39	10/9	2024-03-11 15:12:20.167153	2024-03-11 15:12:20.167153	f	2
40	10/10	2024-03-11 15:12:20.167153	2024-03-11 15:12:20.167153	f	2
41	11/1	2024-03-11 15:12:20.167153	2024-03-11 15:12:20.167153	f	2
42	11/2	2024-03-11 15:12:20.167153	2024-03-11 15:12:20.167153	f	2
43	11/3	2024-03-11 15:12:20.167153	2024-03-11 15:12:20.167153	f	2
44	11/4	2024-03-11 15:12:20.167153	2024-03-11 15:12:20.167153	f	2
45	11/5	2024-03-11 15:12:20.167153	2024-03-11 15:12:20.167153	f	2
46	11/6	2024-03-11 15:12:20.167153	2024-03-11 15:12:20.167153	f	2
47	11/7	2024-03-11 15:12:20.167153	2024-03-11 15:12:20.167153	f	2
48	11/8	2024-03-11 15:12:20.167153	2024-03-11 15:12:20.167153	f	2
49	11/9	2024-03-11 15:12:20.167153	2024-03-11 15:12:20.167153	f	2
50	11/10	2024-03-11 15:12:20.167153	2024-03-11 15:12:20.167153	f	2
51	12/1	2024-03-11 15:12:20.167153	2024-03-11 15:12:20.167153	f	2
52	12/2	2024-03-11 15:12:20.167153	2024-03-11 15:12:20.167153	f	2
53	12/3	2024-03-11 15:12:20.167153	2024-03-11 15:12:20.167153	f	2
54	12/4	2024-03-11 15:12:20.167153	2024-03-11 15:12:20.167153	f	2
55	12/5	2024-03-11 15:12:20.167153	2024-03-11 15:12:20.167153	f	2
56	12/6	2024-03-11 15:12:20.167153	2024-03-11 15:12:20.167153	f	2
57	12/7	2024-03-11 15:12:20.167153	2024-03-11 15:12:20.167153	f	2
58	12/8	2024-03-11 15:12:20.167153	2024-03-11 15:12:20.167153	f	2
59	12/9	2024-03-11 15:12:20.167153	2024-03-11 15:12:20.167153	f	2
60	12/10	2024-03-11 15:12:20.167153	2024-03-11 15:12:20.167153	f	2
61	10/1	2024-03-11 15:12:20.167153	2024-03-11 15:12:20.167153	f	3
62	10/2	2024-03-11 15:12:20.167153	2024-03-11 15:12:20.167153	f	3
63	10/3	2024-03-11 15:12:20.167153	2024-03-11 15:12:20.167153	f	3
64	10/4	2024-03-11 15:12:20.167153	2024-03-11 15:12:20.167153	f	3
65	10/5	2024-03-11 15:12:20.167153	2024-03-11 15:12:20.167153	f	3
66	10/6	2024-03-11 15:12:20.167153	2024-03-11 15:12:20.167153	f	3
67	10/7	2024-03-11 15:12:20.167153	2024-03-11 15:12:20.167153	f	3
68	10/8	2024-03-11 15:12:20.167153	2024-03-11 15:12:20.167153	f	3
69	10/9	2024-03-11 15:12:20.167153	2024-03-11 15:12:20.167153	f	3
70	10/10	2024-03-11 15:12:20.167153	2024-03-11 15:12:20.167153	f	3
71	11/1	2024-03-11 15:12:20.167153	2024-03-11 15:12:20.167153	f	3
72	11/2	2024-03-11 15:12:20.167153	2024-03-11 15:12:20.167153	f	3
73	11/3	2024-03-11 15:12:20.167153	2024-03-11 15:12:20.167153	f	3
74	11/4	2024-03-11 15:12:20.167153	2024-03-11 15:12:20.167153	f	3
75	11/5	2024-03-11 15:12:20.167153	2024-03-11 15:12:20.167153	f	3
76	11/6	2024-03-11 15:12:20.167153	2024-03-11 15:12:20.167153	f	3
77	11/7	2024-03-11 15:12:20.167153	2024-03-11 15:12:20.167153	f	3
78	11/8	2024-03-11 15:12:20.167153	2024-03-11 15:12:20.167153	f	3
79	11/9	2024-03-11 15:12:20.167153	2024-03-11 15:12:20.167153	f	3
80	11/10	2024-03-11 15:12:20.167153	2024-03-11 15:12:20.167153	f	3
81	12/1	2024-03-11 15:12:20.167153	2024-03-11 15:12:20.167153	f	3
82	12/2	2024-03-11 15:12:20.167153	2024-03-11 15:12:20.167153	f	3
83	12/3	2024-03-11 15:12:20.167153	2024-03-11 15:12:20.167153	f	3
84	12/4	2024-03-11 15:12:20.167153	2024-03-11 15:12:20.167153	f	3
85	12/5	2024-03-11 15:12:20.167153	2024-03-11 15:12:20.167153	f	3
86	12/6	2024-03-11 15:12:20.167153	2024-03-11 15:12:20.167153	f	3
87	12/7	2024-03-11 15:12:20.167153	2024-03-11 15:12:20.167153	f	3
88	12/8	2024-03-11 15:12:20.167153	2024-03-11 15:12:20.167153	f	3
89	12/9	2024-03-11 15:12:20.167153	2024-03-11 15:12:20.167153	f	3
90	12/10	2024-03-11 15:12:20.167153	2024-03-11 15:12:20.167153	f	3
92	bồ dưỡng lý	2024-03-23 09:22:42.79	2024-03-23 09:22:42.79	f	1
94	hoa	2024-03-23 15:38:08.909	2024-03-23 15:38:08.909	f	1
\.


--
-- Data for Name: document; Type: TABLE DATA; Schema: public; Owner: dev
--

COPY public.document (id, title, url, subject_id, class_id, teacher_id, document_uuid, public, create_at, update_at, deleted) FROM stdin;
3	hh	/public/docs/cd9b4592-1914-4a12-9768-b6d0538e0298_2020_MT_KHM.pdf	1	1	15	15e1ef6b-f0b0-4646-b509-8f2fb9f2b8a4	f	2024-03-23 08:12:25.795	2024-03-23 08:12:25.795	f
4	hehe	/public/docs/bed55710-facb-4fd4-a1e3-c8e19ba59dea_2020_MT_KHM_MMANM.pdf	1	1	15	074555ce-0964-42c8-b4a2-89296fa626b5	f	2024-03-23 08:20:10.427	2024-03-23 08:20:10.427	f
5	meme	/public/imgs/4ff05194-e54b-45bd-8e38-e7fd0aaaa7db_10bb26a9-b0b0-4642-a842-2f633ee820d8.jpg	1	1	15	6904a0b7-245b-4f21-8ff2-c157ee41da8f	f	2024-03-24 09:03:08.931	2024-03-24 09:03:08.931	f
\.


--
-- Data for Name: follow; Type: TABLE DATA; Schema: public; Owner: dev
--

COPY public.follow (follower_id, followed_id, follow_times, create_at, update_at, deleted) FROM stdin;
1	2	1	2024-01-25 09:16:14.589134	2024-01-25 09:16:14.589134	f
1	3	1	2024-01-25 09:16:14.594091	2024-01-25 09:16:14.594091	f
4	1	1	2024-01-25 09:16:14.59554	2024-01-25 09:16:14.59554	f
5	1	1	2024-01-25 09:16:14.597036	2024-01-25 09:16:14.597036	f
2	1	1	2024-01-25 09:16:14.598629	2024-01-25 09:16:14.598629	f
\.


--
-- Data for Name: group; Type: TABLE DATA; Schema: public; Owner: dev
--

COPY public."group" (id, avatar, background, title, meta_title, create_at, update_at, deleted, group_uuid) FROM stdin;
1	https://upload.wikimedia.org/wikipedia/vi/thumb/d/dd/Huy_hi%E1%BB%87u_H%E1%BB%99i_SVVN.svg/1200px-Huy_hi%E1%BB%87u_H%E1%BB%99i_SVVN.svg.png	https://vnuf.edu.vn/wp-content/uploads/2022/01/Ngay-truyen-thong-HS-2022-copy.jpg	Hội học sinh Việt Nam	\N	2024-01-25 09:16:14.430657	2024-01-25 09:16:14.430657	f	e5c0206c-d477-4d8f-96f4-58aebedec4cf
2	https://lichsuvn.net/trang-chu/wp-content/uploads/2019/06/logo.jpg	data:image/jpeg;base64,/9j/4AAQSkZJRgABAQAAAQABAAD/2wCEAAoHCBYVFRgWFRYYGRgaHB8eHRwcHBwcHxocHBwcHB0dHBoeJC4lHB4rIRocJjgnKy8xNTU1HCU7QDszPy40NTEBDAwMEA8QHxISHzQrJSs0NDQ0NDQ0NDQ0NDE0NDQ0NDQ0NDQ0NDQ0NDQ0NDQ0NDQ0NDQ0NDQ0NDQ0NDQ0NDQ0NP/AABEIAIkBcAMBIgACEQEDEQH/xAAbAAADAQEBAQEAAAAAAAAAAAADBAUCAQYAB//EADkQAAIBAwMCBAQGAQMEAgMAAAECEQADIQQSMUFRBSJhcTKBkfATQqGxwdEUUuHxBiNicoLCBxUW/8QAGAEBAQEBAQAAAAAAAAAAAAAAAQIAAwT/xAAhEQACAwADAQEAAwEAAAAAAAAAAQIRIRIxQQNREyJhcf/aAAwDAQACEQMRAD8A8AK2orFbWvAeoZspNOW9NQdKKs6GzNTIpISGlrv+L6VbXTVzUWwo4qLNRGGkr46WOas2rYKzHHNI3kLNjAHA++tZNsaFf8T0r4aSriWMA0QWB9+lTZqIB0lZ/wAP0q6iBjEcUUaWjkajzg0npXDpfSvR/wCOK6dN6VuRqPOf4fpXRovSrv8Ajx0weP6oiWQTAquTBo84dFWTo/SvTHSUO5ozEACnkzUee/wvSuHRelX7elMkHpz/AH7Yoh0wp5GaR5k6WK+XT1a11jYuI+dI6YFj5sGqTsGIXbEExRrenJExVZtLIwK3Ytxg1mCI40tAezk16X/H9KRv6fzGiyqJem000c6X0qxodH5Z70ZrAmMVmzKjzp0ZrH4PSvS/4vpSV3Snf0qVIaItzT0B7Mme32at6m1sEnk4Hv0pdNOIz14+lWngVbEFtcVuzZDY4qnp9NKx2rFvTZOOKUwaFRoTWDp6po/YH6ftXHs9RS0Sm/SN+HRGsYmKZa2etHKeURUtUWnZOezArqoByKfeyTEAmhXLR7ff2ayMwK2QRNYexT+mTBrT2sGsQyRctUjcWqd5aQvUmF659K1WaTGhW1rAraVhKGlFW9E2MVF0izVmwkfmk/p9a5yZaHUueYj9K7qfhFCRZO6T9JrWuxtFSuxYXRnyv7fwanLcE5HX+adSURiRyI+vWg6e0jDzSCM+8eh4rXSbBayqHG1cdJriMP3/AHNDR8AQMCZ7YFBFwgjuIqExoNw596+bAPoaxeujnJ+f7iuC4D1z15PGOlPZuhlLmJIrly9Cqe5r4iUgcf1QbiTA6CtQJh3cHETgSPetad4lWmYkH/UB/Pel7fJOZn1/imGBIgK2OvGf5pX4DCLcUkYgcV0MDOPsUsm44gSDnMY6H2NOW0z0ijTYgF8hRujjn26/Tn5VxLgmI9frR9c6qhgZz9f5oWgZQoBHQEex5HuCT8oq3FrsjkmDvrKnv0qQlqHBqzq9eg8qkE9R6VP1CyNy/wAVk6wpPA5SDWdwnj9qntr3QEOd2cADgR+9F0d8vkiM4Hp796pXWkuNOx+0+SOhyPfkif1+dcvWwc0K42IwOoIHXmfevrOqDYMAgeb0PEe3X6VqNY/aKgR0rF5QTI7frXUWRjJrqAxx0oadGjJWLtff/Tx0jp7/ANUW7aEA1890REx7kUpc1kGN0x6c1NeHRNMT1tlneQJVfKo7seT8v4NYaQIjOY+RCj5TNWdMxZQSImf+azqdOGUkcjI+U/3TfjDp2IeG3FZiO6z9P+DTlmwI9ef6/eouluRcI78esYYfWT86tWXfdlT0z8qpqjXZi7YExNDSz09x2oXjLMjBwSBAzEiRP0omk8QVxJgN2x84rU0rJbsSvrtfOQaMUmNtF167oIoCX1XloI5q27iTFVIOqQPv9qCqyBPqP0P9UjrPEDu/7ZBHfoPajWL0BSXBO8T8wRH61Ki0rZcpReIbt2YnHzrNwAYFHZwVP7VI1V4iCABBoq2HlgNR1qZdqhf1AImpt00iANZrRrNUiTtFtihA0W08VmJU0lsdaq21UCefnUexqgPlTY8QkQFJ/wCahxbK5L0u6ZwADgCgavWQ+FkjrE0hpkuuQCsJ8+OvNUDoVPIA9iaONdmtXaONdLiGx/PymvrSovWT/wAffyrX+AgjE+m4jtRraW0xtVT6mf3odDf4avJtTcsk4mTJgnt7xXcBfMAW6z0rt2+pAAMyw47Ag9PQVouXEFcfSpaw0X+gfwlxKqCWEc8DMwTRDaM+WJ+XtHp0rLJkYA5JkljGBn61sBCPKSuRkHiMnn0oadFJq+jKOwMROeggfKaZHzB7YoNqwOFdhHt+n1od7xAIxWDjqfv7g1lF2S2hwOR0rSXO4pBfEfb9fuK2utQtsmGiY6wetWkQxq6hPmT4hxPUdR7GhXNWeQBjBHYxwfX61r8U8DmMdfrU+z4ijMWVdtwYZCcNtnAP+rmOKeLYpr0ZuBmkkCTiD94pl7ZCjbyokCecRHpNfK6uko0SMMMEH59Z5Ed6iv4rdRyhgkGIZYPuGXB+lKTZNLwf1Ol3Q6AH2rDnas7TPYRQbPiJXBWCTIB4nrGcyM8d+9fHU7pkc8YoZXFrSfevGT5fWfb1GK+0zeYZyOMz6j+6aJJPQDpJAxXzom9FES37Adf1+lKedFNbdlF16n7NTQNr7p8pMHtJ+Fge3C/SmtbIMTjuTGf6qPffPxDODA6ds/1UfK2X9Ixo9BaLDpimVvjg47153Qa4nydV6zMjoT3xE+tU0TAlv1/nmtKbi6ZK+MZK7GnZT0/QUNth5A+lDe4qgtk7RMDJ+lDR2Ky4Ck5CnmPX1rcrVk/xtOhu3d7fIcCg67WFEZjHGPU8AUjc1QB4j0557RUbxLWtdcWlB2gyTHJ6Y6c8VcYqTNJOK0NvG0MPiU7h/IHqRNeh0etDoG5wM1K0FlUgsAW7fyO561vw+EuOgjafOnsfiX5GaZ08Rop9tFW86ONjnB6UmfB0BlWaO3p6cfvTZsqx8yj9jWhaAys/PipjJozUfBC5ov8AyPvJ+Vas+EoR5m+WY/2o1926wIPfmll1RBxHyNK+jRv4m1YnfdUJUIkEkCRuiJ561Pui4CS0HMgGFBgzgDgVYvsrZJAIOQcc9R61L1KlyVncYiM8dSD1PFdYys5ONdm/D75gtcMT+UZiJ/unm2x9mp1k5PI95g46T1o6vAg/fapkk2XG0hfUoO1Tbwp64xaW6cD2HX50hdNShAVmtGs1SJNCi2xQhRrdZmKWlUdQI9hVnT3f/IfpUSzBxmqen0oiSD7TFS0NllLpYcz06D5etfK542H3n7mkA2zhQAT1Of7pj8VYyw+RqTGNfaO6UBOMjtA6dOAZ9pqI9xgcg5PUe/X6U6viBTW2D8SbgIPDK/kYHvIYirettabdsTUWyZj8O6drei728rdslfnVcUjKbWEHR6xVadwJnp9PrmqaeIpyDXdR4agO17cFeQRtj3HER8vevv8ACsCGKJjvOPfMUOKZTm3tAL3iCxuBHHf+6jJrGdoUkAduT616hbNu7JVEfYAT8IIVjhiCQds/mOBIPrWbTIuAoXPEKevIIxHqKVxiHKUujHhlraskmT35is6/TK65QkjqekU5acHIPvX2ovKqsZGAf2qNbNZBbw22PyR7bh+x+/lSWoIslXTIkKeTg4mfvmnXctp7V+3ibj23XkDb5lcE9NrAEd1kc1P1N9z5WUOIliJIQSBubsoJGa7Ri/WQ5JrEWtLq5xOfTtPrzzSni2iZn/ESJxvHE+p++lIWNQFOTDZEHHbAPX79adfWMqt1MYzMcn796OLTw1p9hPD/ABLYSJ6+ZZ4PE1Q1+kt3lDA7WjB47c/3SPh2pY6FbbgMblxnRjE20U7Wgn/UysI7A+lDfV2kQAuCZwJH6dxNEk08GLT7BQ6EK8kdGHpTqMIDYPYDqTgY70BNUtxZE7DidpUT1yRk1O1NkkMCMKjMsHlvy59z+lPHl2PKkO6/XrbYhh51MFcypz8X+kzIjmpGm8ULXd4EsOM/LEdh0qzq9CuoNq7dZtz2bbPESzibbMTwCfw89896LqPB9OwG1WVujKfg65zn29a6LisZzbbELniLvypPpBpMJcdhuBAJhQcZPEz1NVvBrDXGZGYgW/ifr/6zkTVFP+oLOmcfhWvxfyuTncpwyyeZ7cVN8XUULdrScnh7oAyr5lHzbqR9OPUCmzYZkDi5gxB6n68GsavxREdigYoGleh2SdkhusYPqPWlL7I0BL9tHu7SiMrgKzwQrOF2qTIz8IPWuThKTo6wlFaxrT2ijkoZcjO4z9abuOHjcIYcg0r/ANGeOIJ0uqQHzkQ3KPO1gGGVaRyDnijeI6cae9dRn3Kj4JOdrAMJ9QGGa5z+Uk9Z1h9oyxKiZ4rZcKXRgAAMRBkmPl0qfotUyAgQDyTGSepn3r0ukQX0h/JaIPm+JnA4CCOesnp6V5zxi4yOVFg21LFh5g5I4E3DzE8CB6TmvR84vjTPPKW2Ka/UOu1wTKNPM4P8U6uvkq0wefTPIn51Le+WUgr8+1JPfdQVzt4E9q6/xqSolfVxv/T3tjXBuefuOKoLcXAkT7/rX5/oPESgCkSBPGD/AL16P/ojxQNqHt3D/wBq4rKQ3AZco3oVJMEd687+Mot/h0l9ItJrstXbZI7joIFYFoE8fKteJ3H07/hvtZwAQVOGDZBzBA9+KHbdDkkSeek+wNc9XZSeEy7Dkg9CRHsY4+VTrtsk+oHKmI6R7Gq3iXh8y6NBOT7x8Q/Sk3tGIeJ/euikoqzKMvpgJPOpBO3PxKeYPQ9MCuvaXOPnPpHyxFas2gsx19I+vQ+9dcY+zXOU9w9MfklH+y0Wuk7RIj0qdep68eaQerizzTjQKs1o1mrOZ0UVKEKMgFYxR0iZEk/Ln61ZSYgcnielQtPciqNnVAdP1qWamPMXAMqIHcg/WKLbuIOSs+n5eKBYVnJaCUA9gBAnPU4HFFXSpHwNPvH7UUa0JalwdTp7gztuJPsHX+K2NAl1CSBuMkx0Jn9a7etorJ5QPOolv/YZ/wB6eFlt7pcP4Vq3IZjgmGKwgPcgjr6VTbpUTgL/AKedrmluI5Lfgui2yCZCNu3pjJQAbo6ek0AXUd3tuXACblZYG55HlMg4KnBHBzxRfx1DEW1/DtHhASN3Pmc/nYx1mMVP0fiL2n1Kkb0dANsAgneoxIwQpcT6mnJOzakWLVs3Lf41tbQtI4TZsUAGPi3Fd7knBfcGniBXGDkBvIEI3CVmVJIBDGAwwfMIGDxxX1hbTowR3IPw21QptAnapZsAgNkgP1jmpiNqbaLs2h0byNG5lWWfaAx2qNzsTjrEwKzjZoyo9CrAASQTHsB2gVA0viN+y9zdZS8lw/A4kGMAp1BiqesDMXvxsBG7YoAhiuY5AyT9enFTCpfTjaSjmS5ht8ydqqTCogEZBJJPArRVGbsuuLVtBZ/D/BdEBay0usud5IuSQWKlZDRhRnEVI0HhX4puXdM5V7M+WYUoQd0LBlQOVzI6Hg68XvuyBxm46WwXHJVUCSOxO1vn7ULTI1i8r29xQqyOs7fI4KkL/wCYUzuP5h0FUsJaY7qPC7b2odkBJHnRIEo0OEPBx5SBgYxU5/BEBYo427fKJ8xPGQABniZoCW9RatsiFGCuxR2ncgJUkhMqGbasyWiDByTTniuv8q3nWLjoisANoLxtd4BiTk9OT7l3w3QazoXFlMAhF2gdSC7uYGOrtmhXfB9ybl2q3bMqvXkRxiIPNUdANPetWVTUILyqUYOzW98uXWMQCNzA98dqx/8AqtTMWkBEGCD5jiMBmBH0qbdlCuj8TRbLlnYFG2bHAKlAohgI+KcEE5kR1j7XaAKy29u78ZQUVSSH35AU4xuG30IrPg+odbd3TagDcpYoWVWKO7KrBSeux3IH+r1itXNK9u5adEIFuYDyrENgxu8w+ImQIBM0+k6PWFCQilCERUDgTO0QxB/0l9zD0YVO/wCpdWUTBJLGA0QBPaml8Z2Xgl9NlpoCvhimPjIAAZJgEQCBwcUTxC4z+RlR1Kgkh1ZFJkxu4JGMr3jkGiqdsV+IInhy3LNtdOQ1rapYI6Bmcjz/AIgY7gQcREdTPA1//KysH8QDkhVBJ9IQR8xXnz4NaMQRmCIJ+HuI6Uq2jth4/HdY4CHe31GF+v0pX+BTH9R4Q63GFlmufhLve3cXIQGTuUmWXGRFA/yrzi412zYDoqvbdUVdrG5bSCqYOLhI3AkFar2/+pSmp0wediIyM7wzsrgiWI6AwY96PdsHYltGVmtrtdguHuB2JffiQJIEz7AEmnkKWng9To7wm6UIgyzCRM5Jk8nrPevXa6y+ufS3kG5L6ol8D8ty0yo89gyFSPavrukfZDOevXnEZnnmhf8A4+8QFnU/hXG2qziJwNwOPqD+lZzclfpnGixr9i3nIkrbLIiAYUI20Y9NuPryakPq7VxPxbtos1tzFsmEZNpILmJ+KQROZEdad1+muh7owGDvMd9xzjmalaDxHZZFm+u5fxXYHaGKShCtHJUOdxUHMGoi2xaroLrdOypafUmyUvrKbES0beQCPIoMLuXDbgQeQch3XeAI6WndrZAtIu5btoBmUbWPmYExhcc7J60LV6W3cRJuO8glWKMiDJ3QXEuZ/wBIEdT+WlvD9iqEdAChOxmEAgndtJ6QxZgePOwMQKXIKB6bwOyjj8//AIh0YH32kxSD6MLeZbXkLFAOcFnRf/tXokvYwUUHna6Nz6qTj3qSXS3qUa6Ds3LuMdnRpGR/poUm3pTjg/8A9UPaa9cuPO5TsGczbUJEdJKk/OmdZo/wFRiSUuLuRwcdJUg5BBIxnkeoCPiOn3au6HkAM20qN0EvJ9CdpME461xdNfbTGySwKOXtthiA5G5SWyuVUhlz8QwDQ1a1ipJPrAy6gMYJYdDP7en0rd3SksTEjH+9Du+JXYtG/p7V1wdruwJd0AAUSCNrASN3OB2pjwvWoRdRVYbXTYXYlthS5ukDHxKvf4hmucvnnZ1j9uL/AKoWawoBBLD/AOJ/aaUR4/KxHeKvuzGR9/rUfVXHBxUJJHTnKWEzVD1n5RUxx+9UdTcnkVPuiusTlJP0EazWqzVnM0KYsmlxRLc1mYsaUelVdM8QAB881K0cYqppwgwB9es/80BJDy3D1b9eK2oBMKCeuT9wMUrZthBk7iSTPQDooE4AFdLqiO+08yesYAEL6wKKAB4v4d+MFUMqkZ5mR1+Wa+1Nh3KF7u9lVVBhvyiJMnDYzHJn1pr8V+Ij0iPXpXFRCwZt8CcCBJ4E9TTfhkn2LWNKgHnZ2PpjHz/uni4iLaQcSR5j9f5oBvIDgdOsT9/3R01Q+BFVGbOJk8AmPpQNP00ukIyTDff612+4Ax0zgAmewHc8fOvksry5djIxxwZFFv6oSPKFJ4zkxH91hrSHc8RMkFXTccB1I7RAPP2KwLjOIUNHEnH7xxH61R1PiQ6ZjIJ4npHWf96SfUM7BBBkgrkAfOcjJ+dbLwdrR/w/SugAcltiwsxABd2juYZ2z60Z9OlxWCXFD8E9uPaTFBey6EAT2kZH6mtJoTBJgA8jGB1/msnpLVehL1y23lA3cGCeoyCe+RNA1F1HXY6hl7EzHTHWvksCd0nI7AyD6/1TP4yoB5BHc8/SKUU0iO/g1twSlvbkgdAYA47jP6GiaHwBElmPn/KsmAe/qaf/AMhThE+dd/DbcJMDE02yXER0FgvaZLlrzBywcASUIjYe8HI6RNb09gqPKhKzGBB468DvT1plllJAjO4jp7jjmurqV/K0wPWG/SKHoxVCr2GciUWB1JAH6TmmrzW1Ta6qYiJIP6RWGcvtO9VGcEqd36cVnaiSGbexAxHHUQY5xxWM0Y/xEcFijNwcLPtjnit2bDD4UVOckAT79q2l4DbyGbjriDExxxRLdySc4UwTEyYnBxxQ26JJeut21Yb1DECRyR/VfX9YQilFET0EACDj3pzU6LeNyMd04DSB9RJz06VvTaJQhVtpJ5WTgek8/pTlaUnonbuO4BIU4+EkSc5x2FTdfokDTsIYQRBj24yPeraaU252Kg7wJJ+U1m7teN9sMwMxtyM85zRaXRqbwTt3LjmVkf8AlmDmSSx5OZp19INpHXif96cVDHH16frXVU9KhtsSbprexETeXVN20E/DvILbe0nJ9q2+mDHMR7iaedY7fQ0FrfqIHp168xU/2eseSWC6WVWAoX37x7Vy9pUYDdn9RTqWjxKzGDAjn/TzimUsNwQpE85HtHIP1pindkyllCNq8qiFGB3P918948Qfpj2o94OTCoB6n96U1DalciQI6bT9AJNZrRiIavU9C0EUhp9WASVI9TB++tU01V0gllJHALKQPnMURHQkhrax3gRJ+WK1JdnVTaXSENH4iG64noPvvTF5AwmcU03g9twSqJj1H2KWfw7YDtG3rG4UtJdEuSZG1elUTFTb0jEVa1C45+c1Ivr6mqiQL1mtVmrQGgKKhoIoifKhih/TMZkVbtacPtBaBuBaOSBkge5j7mo2kgnmq2kfdgSYJx9/t6UXQvSqEDnyhQB3/rNcuW4HIHt74oOm1IyAY2nn0HJ+sfrR0sSYGcTPYcD5/PpRYUkc1Vu4Au1ixJCwJMA8lj2AnrS+ptqDDMzexnj07fOnG0pBiJB4yeAACTHrQbm0FupB2wMRIzkjk02KqxZ7KQqAeQRIGGI3AxJ5yPpVFNOS+5E2rBGcnOflStu9BAHXgAcmPSPrTTNhgGJyJyREZgEZHT1oUrGSpnX0+1ZLnOetI6olwwRxvIj4cEdiZnPpFPjxBoEMpHBwSCZIEEZ6Uu77g2IbmMD9eRzW/wBJTfpGt6O6rbXAUEdJbpzBo1rUtbUBBOeTzmAWyI47dqeOnVcseBJHJ9vWmLdhGEnr0IiPl0pbsq4+k3/ulz5wT3DSPpxmmWsuyEO0Jnd6iM8e/SntPplUAQJ78z9aH4ojsPw0UebmSBgZ468R86Ga08R8TuTzONoERMCAAPpXyCAAAuMdyJ9ana6wbKGYZ7hGRyBgkY/KIAx3p/RsqoqqV3EdTORzgZJrWzZWGWdFIXbOcRPJzPt/NZfUhmKbWLET2kAgf71kIE2G4/nJkFckSeuCIzRPENUhhl2gkld4+KBJMHkTx863KjU3SSOOu3EZ9TLH05P7fSiIgYksrKIgEk8gEkgdMdZoCOV8yqF3YG/E+sc+ue1FN4FlVmUGPhORHr39s81Ck7FpC9lA+xQAdzHaBK+VSck5PQ9KKSd5QsFEETjcGM5nnEET6mlfx13OqKGIiG4AEBeOgntWYtjczhgVwQAGB3c+3TrVrsiSsZsWkM2wykBRuY8tJ4UE44j51qzcWfNAgk7B0jG4iOcRNAslUO1Cwgb2JA7DGRxkHiuJDkuSDtKme4PQjmZHPpNLps1Pj0M/jqH3INnJZSZLCOZ47U2txHUnKyOcTHp7US3bQ5WPMMHnEYwa+TSKTvdgHTMrjpgmekT6c0U/CU16AW15VK+cdGJ6Hrj+Zow2W/MRk4EmTJzGaRtaud6FVUEGCCV3NMHPrWNP4a8kOpIaPNIMQPX7wK3/AAc9ZVs3VdZWI49vf1oLoykMpJHbH70sNC9vcVcTH/rnucZ+RoWg8RZ2KPAxI/ketZq+wSp2uiyl1GAg8/fXNA1F9ZgQW6Lx2mKi3ndHbeZUNMQVnuAeojr+9B/AbDo27rtDGV55Ez0GRNPaJ6KF7VDBAjjEZiYPPNDbxFwpG4knjPHt8v1pll/FSHQAkSOuO460jd0sGegyPcfzU1RSaYRdcymVLesnnjPvNLXfE2LbiDI6jrnA5r5bAgwwHmmCODMwPSB+9K6rR7lMGAxHPTPI+dKSKv8AChb1ZeROY471sX8befr2qTbt7SwZo3DBBk8AET2POaPf07kAglu6iO2TP7etbiibY8NQT3lZ5Jqdf1scz8+tKal7gJyVmYPBPOD2M0lqTcEEGfLkEZU5J6RHPFK+d+jzrwJqNRzjFJXHr5bpYSTM/KKwTVONDdnKzXa59KwHZoiGh1pTFYw2moIIgxHPFO6XUNbHMc+/06DM/ZqUqgANnnrET0ojagl5Efm79/T3qlGySvpr7AOMdhPUmJM9MfvVTT+ID8JiCA2QBMlhEYH1+c1B0zHZDZmePT3oxuAEKoj1Hrxj74qWkKsveG3C4hXIKATiIXmJ95HsBWdHqN8jcJkkSSTPHB9JqQlwKpAmZmAeZ/k0fw9GDFzsDxhJjavf3JippM3KiwLbAiMc+xIBOByK4gZU3M35eIBmCOvr7VAXxPaztulyTHZSfiaOpiABQG8VuFt25geBmIHUxH70xh6MpM9A+vCAEsCDwIiAOZ6dD05pc+IIFJCSZMFoOJHE5BINRbt4QB+URjqeOT7Vi44534OPbODzycfpTwNao9H4frUd9sbRHl7Ee3tSXiPioaUKFc5JjpMYHfFSdJqkR5JJAmIPUxJH3+1Zu62WJHqQIjj4fX3ntW4bhk1ds9R4frDsEtucflwCM/rTKawgiQcnkwPaO/8AzXlfD9SnxOYfkEdMmR6TW9Xr2LqeVEQOs88fTmpcG2VcdPT67WIBtJAY8HEj1+sfSptu4iPht0oYwMAGZJ9xUTVa6TuyWOB6A1lbrEdxEe/Y1nF9jHilVnpdTdSQ5aIwOM4IP78e1IW7hUD/ANpBn/6njOMczU5LrOBzjiciJz84rer0rgozOCD04gdsc880KP6NpKkN3b77i/YFVJHX80EjJyRQrlySG3ANAjvH7DM9qBr9SfJxtA2hVMj9hFDQw25uDiO2MGffpVccBSrsoX3gpBMtzHbHTtx9K5qL7I/+ocER9TxWLeoARRuE5g5LGOJJwKTLjaed44MzA9PcGPlRxGL9KBvuASxMQZk5Mn+qIt4wqeVRjB6zwZHfNTbdxcb8iO+SZxBHyFEFwkq4T4SevMDA9RiK3EZfgxpvEyhKg+VSZWAZHQg4I+maP4hadn3C5krmZKBYPPQjHB61G1GoJwUMnzMQBLHuPQDp6VSS+jIDjgT6xxPes7XRDUXvoZPEFW2Cyhmt9QTxODwCTwP+ad8M8c3AhiZGY4MGYkVBLKx3AzAOJ5Ejn760ZEaQ2/J5kCII7dKbRLjha1vjyQ6AjftMBh5WJBxIpEhXRWRtk/FBHlImY++tS9SoL/DIXiOrN+wknPpQ0vMrEFTBPAxGZwJis9QxUUi5o9WyAiWYKREmTn3+setauauVYKSrZPlEOJ6AZMcHFSbOo28gwefQjyk/Oj3LowymSpkHqRJke1c9TOsoxkNabxJkdSWLAqN4wCCMAnr8qcfXbmbeAF/KVgiBzPUGfSpz6gfGILeseYHp9P2pa74ruUllyM9IjrPrV3Z5+JTfSo6ypiYIIkevFLMnngNmI83UjIgdRS+i8Scttgbe5zGaW1d7ddO0leO/1A61qrDJP0dt2Csq8ROPWT6dKcTV7MMIzj/bGak6rXkOCpkCDPrx7cTXfFbpZlM4jA6Ezx6VqsqurLrlWALAEEdfv96n6y3bAMgCegnI95qPa8QbayHcYOP+ewrly5uSDnOP9qeLRKj/AKb1GnQiUwDmkLgjANdiM4P8Vh/aKpikcms1oVn60Cdr6sV2kxrd+9ZmCI6E1yuLVIljCOeZ749D0plLx5nJ+/lSg/gV90oZkUNPqwpk98/xn5ChXPEiWLDkyM9jOKnvWOnzrUjB90kmu4oZ6e3819VAMyMCuqmPnPNAXmiUMaCGBEUNlArrcUFalMtJWFUjrXyNGa+fg/8AtQR0pM0Nve3QMU34Vq0W5/3huSD03Z6dPv05Eta+PWgzPSXtRpdjBFfcVhdxYwcGTBABwf8AUJPauJqtGVG9H4M7cDc0FgDk7QcKDiB3NefPw/fpXLnA9/5rIk9FZ1WhXb5bhhlPnlgQI3AoORG4DIyFkQWFINqbLWkHmFwRuOYjEjB4y2RnjNSDXRSCPTXNTpYbYv8ArIWCNwLEqA+SpAKwYxtjIJrL6zShgyo20/GhAMZX4G5WFLmRBLbek1AtcVm5wPepspF/U39MxQqDA37zETI8nwwSoboIMdBxWreu0yuSFfZsjIBO7eDPWCUniBJxHNecPI9v6rQ/isY9KNZpTki5A3RHMAwAxJySDOO0ULW6rTFW/CDluhYmJkdOwWYM5MyIgV58dfevrfJpNRf1mpsF7bW4UAnfCLkbicArnykCCSJHHWsHXWTskY3SwCkQDvJUENJXKKO2xjGYMdeD8v5oNBkeh1Os02x9gffACbgTiUO7mA3xg+kRyazf8StOVCKVXeSSQjQk+XyhQTjpPvuOagp1rNukC5q9Ra/DdU+NnYiAQFUxADHlRBxAyQelO2tbo2BGzYTvMkPAyNgAVoC7VyI5cxHTzdYXk/fegT0a6rTKpIG5ZMKyywBKhecTG+fUr2rSarShipVtksQQG3SQgCt5oIneYED4ePNPnbvB9641Y3pcFzRoCALhkxzAClvedyqSOxIrOlvaNQN6M7bdpYryDAJCTAaNxBIkGM1Buf3WrdUBcW5YI242yeVYz5V2bTu3IocMTncUIEzTV27pArBQ5hQFBnJKsfPPZlAMR8eOJrz9fH+6mzHoFbQp+Tdu835vL5XG1oYRlgSFxAXqKllrQshV+PrIO6Zwd8xt5xHakTxXGrWY9A2r0mZQE+XIQiYjeQJ8m5ZAH5WMz1qV4hcsm4TbVgkrExC95UKC4iOoODJMzSLUOkx6Q6rRjd5ATGDs5IJ3GDxuGyBEKQ0YOYmvuKzsUUBcAQAs7QBuKjClo3EDgtS1cNYT/9k=	Diễn đàn Lịch sử Việt Nam	\N	2024-01-25 09:16:14.44032	2024-01-25 09:16:14.44032	f	428d349b-8a5e-47c9-89cf-f156cc4184cb
3	https://upload.wikimedia.org/wikipedia/vi/d/d6/Logo_tr%C6%B0%E1%BB%9Dng_THPT_Chuy%C3%AAn_L%C3%AA_H%E1%BB%93ng_Phong_TP._H%E1%BB%93_Ch%C3%AD_Minh.png	https://nld.mediacdn.vn/zoom/700_438/2019/12/31/12-tin-15778041677691363674848.jpg	Lớp 12c1 Trường THPT Lê Hồng Phong	\N	2024-01-25 09:16:14.468887	2024-01-25 09:16:14.468887	f	c6a76225-7ad3-4925-84df-06b1076e8765
\.


--
-- Data for Name: interact; Type: TABLE DATA; Schema: public; Owner: dev
--

COPY public.interact (user_id, post_id, type, create_at, update_at, deleted) FROM stdin;
1	1	love	2024-01-25 09:16:14.602603	2024-01-25 09:16:14.602603	f
2	1	love	2024-01-25 09:16:14.605366	2024-01-25 09:16:14.605366	f
2	9	love	2024-01-25 09:16:14.606938	2024-01-25 09:16:14.606938	f
1	9	love	2024-01-25 09:16:14.608388	2024-01-25 09:16:14.608388	f
3	9	love	2024-01-25 09:16:14.611003	2024-01-25 09:16:14.611003	f
4	9	love	2024-01-25 09:16:14.612583	2024-01-25 09:16:14.612583	f
5	9	like	2024-01-25 09:16:14.61417	2024-01-25 09:16:14.61417	f
6	9	like	2024-01-25 09:16:14.615431	2024-01-25 09:16:14.615431	f
7	9	wow	2024-01-25 09:16:14.617325	2024-01-25 09:16:14.617325	f
\.


--
-- Data for Name: learn; Type: TABLE DATA; Schema: public; Owner: dev
--

COPY public.learn (class_id, subject_id, teacher_id, create_at, update_at, deleted) FROM stdin;
1	1	15	2024-03-15 14:27:49.704615	2024-03-15 14:27:49.704615	f
11	14	15	2024-03-15 14:27:49.704615	2024-03-15 14:27:49.704615	f
11	15	15	2024-03-15 14:27:49.704615	2024-03-15 14:27:49.704615	f
11	16	15	2024-03-15 14:27:49.704615	2024-03-15 14:27:49.704615	f
11	17	15	2024-03-15 14:27:49.704615	2024-03-15 14:27:49.704615	f
11	18	15	2024-03-15 14:27:49.704615	2024-03-15 14:27:49.704615	f
11	19	15	2024-03-15 14:27:49.704615	2024-03-15 14:27:49.704615	f
11	20	15	2024-03-15 14:27:49.704615	2024-03-15 14:27:49.704615	f
11	21	15	2024-03-15 14:27:49.704615	2024-03-15 14:27:49.704615	f
11	22	15	2024-03-15 14:27:49.704615	2024-03-15 14:27:49.704615	f
11	23	15	2024-03-15 14:27:49.704615	2024-03-15 14:27:49.704615	f
11	24	15	2024-03-15 14:27:49.704615	2024-03-15 14:27:49.704615	f
11	25	15	2024-03-15 14:27:49.704615	2024-03-15 14:27:49.704615	f
11	26	15	2024-03-15 14:27:49.704615	2024-03-15 14:27:49.704615	f
21	27	15	2024-03-15 14:27:49.704615	2024-03-15 14:27:49.704615	f
21	28	15	2024-03-15 14:27:49.704615	2024-03-15 14:27:49.704615	f
21	29	15	2024-03-15 14:27:49.704615	2024-03-15 14:27:49.704615	f
21	30	15	2024-03-15 14:27:49.704615	2024-03-15 14:27:49.704615	f
21	31	15	2024-03-15 14:27:49.704615	2024-03-15 14:27:49.704615	f
21	32	15	2024-03-15 14:27:49.704615	2024-03-15 14:27:49.704615	f
21	33	15	2024-03-15 14:27:49.704615	2024-03-15 14:27:49.704615	f
21	34	15	2024-03-15 14:27:49.704615	2024-03-15 14:27:49.704615	f
21	35	15	2024-03-15 14:27:49.704615	2024-03-15 14:27:49.704615	f
21	36	15	2024-03-15 14:27:49.704615	2024-03-15 14:27:49.704615	f
21	37	15	2024-03-15 14:27:49.704615	2024-03-15 14:27:49.704615	f
21	38	15	2024-03-15 14:27:49.704615	2024-03-15 14:27:49.704615	f
21	39	15	2024-03-15 14:27:49.704615	2024-03-15 14:27:49.704615	f
2	1	15	2024-03-24 08:24:40.294	2024-03-24 08:24:40.294	f
2	9	15	2024-03-24 08:48:10.414	2024-03-24 08:48:10.414	f
2	2	15	2024-03-24 08:48:26.818	2024-03-24 08:48:26.818	f
1	12	15	2024-03-15 14:27:49.704615	2024-03-15 14:27:49.704615	f
1	11	15	2024-03-15 14:27:49.704615	2024-03-15 14:27:49.704615	f
1	10	15	2024-03-15 14:27:49.704615	2024-03-15 14:27:49.704615	f
1	9	15	2024-03-15 14:27:49.704615	2024-03-15 14:27:49.704615	f
1	8	15	2024-03-15 14:27:49.704615	2024-03-15 14:27:49.704615	f
1	2	15	2024-03-15 14:27:49.704615	2024-03-15 14:27:49.704615	f
1	3	15	2024-03-15 14:27:49.704615	2024-03-15 14:27:49.704615	f
1	13	15	2024-03-15 14:27:49.704615	2024-03-15 14:27:49.704615	f
1	6	15	2024-03-15 14:27:49.704615	2024-03-15 14:27:49.704615	f
1	4	15	2024-03-15 14:27:49.704615	2024-03-15 14:27:49.704615	f
1	5	15	2024-03-15 14:27:49.704615	2024-03-15 14:27:49.704615	f
1	7	15	2024-03-15 14:27:49.704615	2024-03-15 14:27:49.704615	f
2	4	15	2024-03-23 16:33:09.83	2024-03-23 16:33:09.83	f
\.


--
-- Data for Name: member; Type: TABLE DATA; Schema: public; Owner: dev
--

COPY public.member (user_id, group_id, role, status, create_at, update_at, deleted) FROM stdin;
1	2	\N	pending	2024-01-25 09:16:14.442786	2024-01-25 09:16:14.442786	f
2	2	\N	pending	2024-01-25 09:16:14.446183	2024-01-25 09:16:14.446183	f
3	2	\N	pending	2024-01-25 09:16:14.447831	2024-01-25 09:16:14.447831	f
4	2	\N	pending	2024-01-25 09:16:14.449246	2024-01-25 09:16:14.449246	f
5	2	\N	pending	2024-01-25 09:16:14.450716	2024-01-25 09:16:14.450716	f
6	2	\N	pending	2024-01-25 09:16:14.452358	2024-01-25 09:16:14.452358	f
7	2	\N	pending	2024-01-25 09:16:14.453818	2024-01-25 09:16:14.453818	f
8	2	\N	pending	2024-01-25 09:16:14.455251	2024-01-25 09:16:14.455251	f
9	2	\N	pending	2024-01-25 09:16:14.456636	2024-01-25 09:16:14.456636	f
10	2	\N	pending	2024-01-25 09:16:14.457935	2024-01-25 09:16:14.457935	f
11	2	\N	pending	2024-01-25 09:16:14.459233	2024-01-25 09:16:14.459233	f
12	2	\N	pending	2024-01-25 09:16:14.460599	2024-01-25 09:16:14.460599	f
1	1	\N	pending	2024-01-25 09:16:14.462141	2024-01-25 09:16:14.462141	f
3	1	\N	pending	2024-01-25 09:16:14.464507	2024-01-25 09:16:14.464507	f
4	1	\N	pending	2024-01-25 09:16:14.466048	2024-01-25 09:16:14.466048	f
5	1	\N	pending	2024-01-25 09:16:14.467439	2024-01-25 09:16:14.467439	f
4	3	\N	pending	2024-01-25 09:16:14.470226	2024-01-25 09:16:14.470226	f
5	3	\N	pending	2024-01-25 09:16:14.471861	2024-01-25 09:16:14.471861	f
\.


--
-- Data for Name: notification; Type: TABLE DATA; Schema: public; Owner: dev
--

COPY public.notification (id, user_id, message, is_read, create_at, update_at, deleted) FROM stdin;
1	1	Oh	f	2024-01-25 09:16:14.600261	2024-01-25 09:16:14.600261	f
\.


--
-- Data for Name: of; Type: TABLE DATA; Schema: public; Owner: dev
--

COPY public.of (student_id, class_id, create_at, update_at, deleted) FROM stdin;
1	1	2024-03-13 15:48:35.136724	2024-03-13 15:48:35.136724	f
1	11	2024-03-13 15:52:03.767965	2024-03-13 15:52:03.767965	f
1	21	2024-03-13 15:52:03.767965	2024-03-13 15:52:03.767965	f
2	1	2024-03-13 16:03:00.857147	2024-03-13 16:03:00.857147	f
2	11	2024-03-13 16:03:00.857147	2024-03-13 16:03:00.857147	f
2	21	2024-03-13 16:03:00.857147	2024-03-13 16:03:00.857147	f
3	11	2024-03-13 16:07:08.505593	2024-03-13 16:07:08.505593	f
3	21	2024-03-13 16:07:08.505593	2024-03-13 16:07:08.505593	f
3	1	2024-03-13 16:07:08.505593	2024-03-13 16:07:08.505593	f
9	2	2024-03-23 16:53:21.911	2024-03-23 16:53:21.911	f
8	2	2024-03-24 08:49:08.68	2024-03-24 08:49:08.68	f
\.


--
-- Data for Name: parent; Type: TABLE DATA; Schema: public; Owner: dev
--

COPY public.parent (id, create_at, update_at, deleted) FROM stdin;
10	2024-03-12 15:53:31.07136	2024-03-12 15:53:31.07136	f
11	2024-03-12 15:53:35.978384	2024-03-12 15:53:35.978384	f
12	2024-03-12 15:53:43.012016	2024-03-12 15:53:43.012016	f
27	2024-03-24 15:43:57.228	2024-03-24 15:43:57.228	f
28	2024-03-24 15:59:07.804	2024-03-24 15:59:07.804	f
29	2024-03-24 16:00:39.081	2024-03-24 16:00:39.081	f
\.


--
-- Data for Name: post; Type: TABLE DATA; Schema: public; Owner: dev
--

COPY public.post (id, title, content, file_content, post_uuid, user_id, parent_post_id, group_id, create_at, update_at, deleted) FROM stdin;
1		Hello mọi người	\N	05313cdc-0de6-4af6-999f-eea4b66547f2	2	\N	1	2024-01-25 09:16:14.499272	2024-01-25 09:16:14.499272	f
2	Title of example post	Ngày mai phải đi học rồi.	\N	3b00b919-5623-4d59-9b34-8e32a0aa3451	1	\N	\N	2023-01-01 00:00:01	2024-01-25 09:16:14.504438	f
3		This is the first comment.	\N	02e46d78-364e-4916-a0a0-a56af8a111f0	1	2	\N	2024-01-25 09:16:14.506008	2024-01-25 09:16:14.506008	f
4		This is the first comment of first comment.	\N	28fc015c-3364-4a29-9e9c-133d16ed19c8	1	3	\N	2024-01-25 09:16:14.50823	2024-01-25 09:16:14.50823	f
5		This is the second comment of first comment.	\N	4ea6c3a1-7cdc-42d5-b737-5c9eea8f3662	2	3	\N	2024-01-25 09:16:14.509775	2024-01-25 09:16:14.509775	f
6		This is the third comment of first comment.	\N	8c7ac114-587e-4652-a56c-a31ad6f708b2	3	3	\N	2024-01-25 09:16:14.51124	2024-01-25 09:16:14.51124	f
7		This is the second comment.	\N	91362243-d5dd-46aa-963d-65657737b531	1	2	\N	2024-01-25 09:16:14.513432	2024-01-25 09:16:14.513432	f
8		This is the third comment.	\N	69e3accf-84b8-4836-a989-9880d678d5ce	1	2	\N	2024-01-25 09:16:14.514929	2024-01-25 09:16:14.514929	f
9		This is subcomment 1	\N	0f751925-0aad-42de-999e-5b1a4c1c945f	1	2	\N	2024-01-25 09:16:14.516458	2024-01-25 09:16:14.516458	f
10		This is subcomment 2	\N	df22d31f-a4be-4c89-997e-0aaf106aba53	1	2	\N	2024-01-25 09:16:14.516458	2024-01-25 09:16:14.516458	f
11		This is subcomment 3	\N	16b0abec-d80f-488d-a279-479b03cb0caa	1	2	\N	2024-01-25 09:16:14.516458	2024-01-25 09:16:14.516458	f
12	Example 2: Post example	Ngày thứ hai đi học.	\N	f36c01be-e6c5-4c50-9ecb-8513a9d7b205	1	\N	\N	2024-01-25 09:16:14.518151	2024-01-25 09:16:14.518151	f
13		This is first comment of second post	\N	9b445b4f-fd80-4e14-8142-cd80cd230070	1	12	\N	2024-01-25 09:16:14.518151	2024-01-25 09:16:14.518151	f
14		This is latest comment of first post	\N	1b9e0d4e-bb9f-46d6-814f-111970a8cc50	1	1	\N	2024-01-25 09:16:14.519756	2024-01-25 09:16:14.519756	f
15	Năm 2024 Đại học Quốc gia TP.HCM công nhận tín chỉ cho học sinh tài năng	Năm 2024, Đại học Quốc gia TP.HCM triển khai thí điểm một số môn học chung và công nhận tín chỉ cho học sinh THPT có tài năng vượt trội theo phương thức kết hợp trực tuyến và trực tiếp.	{/public/imgs/3af4af00-a252-47a1-8b5f-fc39dab194cd_thpt_dhqg.webp}	4bc77d03-7a06-47bf-8011-59a4f2ade7e6	4	\N	\N	2024-01-25 09:16:14.52174	2024-01-25 09:16:14.52174	f
16	Học sinh THPT trải nghiệm một ngày làm sinh viên ĐH Quốc tế Hồng Bàng	Học sinh THPT trải nghiệm một ngày làm sinh viên ĐH Quốc tế Hồng Bàng. Đây là chuỗi hoạt động xuyên suốt tháng 7 với chủ đề “Be a HIUer” - một ngày làm sinh viên Đại học Quốc tế Hồng Bàng, trải nghiệm 36 ngành học cực hot.	{/public/imgs/8526ec08-d8ca-4779-9e2d-c61f7be4b33a_thpt_hopngbang.webp}	6acb406a-07d2-4e82-9efc-8799c3b2e19d	4	\N	\N	2024-01-25 09:16:14.523575	2024-01-25 09:16:14.523575	f
17	Học sinh 3 tốt: Quả ngọt cho hành trình nỗ lực	Học sinh 3 tốt: Quả ngọt cho hành trình nỗ lực. "Học sinh 3 tốt" không chỉ là mục tiêu phấn đấu mà như quả ngọt ghi nhận hành trình nỗ lực của các bạn học sinh THPT học tập và rèn luyện. Tuổi Trẻ có bàn tròn nhỏ cùng ba gương mặt "Học sinh 3 tốt" của TP.HCM: Phùng Kim Châu (Trường THPT Nguyễn Hữu Huân), Võ Hữu Khang (Trường trung học Thực hành ĐH Sư phạm TP.HCM) và Phạm Trang Linh (Trường THPT Nguyễn Thị Minh Khai).	{/public/imgs/2cc8b3d5-8f97-4fa0-825a-6ba3e2c9d55d_tuoitre_hs3t.webp}	be89f57f-50e7-4bd9-966b-53d0c4e97fa6	4	\N	\N	2024-01-25 09:16:14.525189	2024-01-25 09:16:14.525189	f
18	Học sinh trung học phổ thông TP.HCM thi sáng tạo robot	Học sinh trung học phổ thông TP.HCM thi sáng tạo robot. TTO - Đông đảo học sinh trung học phổ thông TP.HCM đã có mặt tại cuộc thi sáng tạo robot dành cho học sinh trung học phổ thông khởi tranh tại khuôn viên Trường THPT Âu Lạc (quận Tân Bình) chiều 3-12.	{/public/imgs/dbb61cf1-c547-426c-aacb-b54bc26ce5cf_tuoitre_robot.webp}	40ba9132-f76f-4830-a095-bd4083716335	4	\N	\N	2024-01-25 09:16:14.526683	2024-01-25 09:16:14.526683	f
19	Đổi mới kỳ thi tốt nghiệp THPT và tuyển sinh ĐH: Riêng hay chung?	Đổi mới kỳ thi tốt nghiệp THPT và tuyển sinh ĐH: Riêng hay chung?. TTO - Thực tế kỳ thi tốt nghiệp THPT và tuyển sinh ĐH những năm gần đây, đặc biệt là năm 2021, đặt ra yêu cầu cấp thiết phải đổi mới. Nhiều chuyên gia khẳng định phải tách rời hai hoạt động này, trong khi cũng không ít người có ý kiến ngược lại.	{/public/imgs/da5c55c2-ade9-4633-82fb-412897baad2f_tuoitre_doimoi.webp}	230885b5-0804-4928-b946-2c4ca7121ff5	4	\N	\N	2024-01-25 09:16:14.528521	2024-01-25 09:16:14.528521	f
20	Infographic: Khi nào học sinh được chuyển trường?	Infographic: Khi nào học sinh được chuyển trường?	{/public/imgs/f348b110-4341-4928-b5b7-ea13f5c982ba_tuoitre_chuyentruong.webp}	9d6132da-9a4e-4cbb-9650-d73b5e4f3dfa	4	\N	\N	2024-01-25 09:16:14.530032	2024-01-25 09:16:14.530032	f
21	'Sai lầm lớn nhất' của thiên tài Einstein	'Sai lầm lớn nhất' của thiên tài Einstein\r\n        Albert Einstein là một nhà khoa học vĩ đại, nhưng cũng có những sai lầm giống như bất cứ ai. Với bản thân ông, sai lầm khoa học lớn nhất của mình là "muốn vũ trụ đứng yên". Quan điểm này từng thúc đẩy Einstein sửa lại các phương trình của mình, nhưng ông đã sai khi sửa chúng, IFL Science hôm 16/6 đưa tin.\r\n\r\nNăm 1915, Einstein công bố thuyết tương đối rộng, vượt xa giới hạn của thuyết tương đối hẹp. Nó trở thành một lý thuyết toàn diện về lực hấp dẫn, không chỉ giải thích vũ trụ này mà cả những vũ trụ rất khác. Tuy nhiên, trong phần mô tả về lực hấp dẫn mà ông viết cho vũ trụ của con người, ông nhận thấy một vấn đề.\r\n\r\nEinstein và hầu hết các nhà khoa học thời đó tin rằng vũ trụ là tĩnh: nó luôn như vậy và chưa bao giờ thay đổi, ít nhất là ở quy mô lớn. Dải Ngân Hà vẫn luôn như vậy và sẽ không có gì thay đổi.\r\n\r\nNhưng khi thêm các con số vào phép tính để Dải Ngân Hà tồn tại vĩnh cửu, một điều đặc biệt xảy ra. Mọi thứ kết thúc ở cùng một điểm, sụp đổ trong một hố đen (hố đen cũng xuất hiện từ các phương trình nhưng thời đó chưa quan sát được). Dải Ngân Hà không phải đang sụp đổ, nên để giải quyết xung đột triết học, Einstein đã thêm một tham số vào phương trình: hằng số vũ trụ.\r\n\r\nHằng số vũ trụ không có sự chứng mình bằng quan sát nào ngoài việc mọi thứ đang không sụp đổ vào một điểm. Tuy nhiên, trong vật lý, việc đề xuất sự tồn tại của thứ gì đó trước khi quan sát được cũng không phải chưa từng xảy ra.\r\n\r\nKhi tạo ra một tham số vật lý gắn liền với thứ gì đó có thể không tồn tại, có lẽ tác giả nên cởi mở đón nhận những gợi ý và sửa chữa. Tuy nhiên, Einstein khá nhạy cảm khi bị đặt vấn đề về nó. Ông chỉ trích và nhiều lần xúc phạm các nhà khoa học khi họ chỉ ra rằng lý thuyết và các quan sát của chính Einstein cũng bắt đầu mâu thuẫn với hằng số vũ trụ. Trong vòng hai thập kỷ, quan điểm thống nhất chung đã áp đảo Einstein nên ông quyết định từ bỏ hằng số vũ trụ, gọi đó là "sai lầm lớn nhất" của mình.\r\n\r\nTuy nhiên, câu chuyện chưa kết thúc tại đây. Năm 1998, các nhà thiên văn phát hiện, sự giãn nở của vũ trụ đang tăng tốc. Yếu tố thúc đẩy vô hình và bí ẩn được gọi là năng lượng tối. Và cách tốt nhất hiện nay để mô tả nó trong phương trình của thuyết tương đối rộng chính là một hằng số vũ trụ. Dù khác với tham số Einstein từng đưa ra, đó vẫn là một hằng số vũ trụ. Có thể trong tương lai, giới khoa học sẽ phát hiện năng lượng tối không giống những gì họ nghĩ và các phương trình lại bị thay đổi, nhưng những sai lầm sẽ tạo điều kiện cho con người mở cánh cổng khám phá không gian.	{/public/imgs/6e9ced50-6a8e-4b00-9b2d-d05b4c17ec07_express_einstein.jpg}	dd8c2939-ff13-4cab-9327-108fd724594c	9	\N	\N	2024-01-25 09:16:14.53269	2024-01-25 09:16:14.53269	f
22	Hơn 1.000 ngày đưa đón bạn tới trường	TTO - Đó là câu chuyện về Đồng Thị Luyến, học sinh trường THPT Hiệp Hòa số 6 ở tỉnh Bắc Giang, suốt 3 năm trời ròng rã đón bạn Ngô Thị Lan Dung tới trường.	{/public/imgs/4148928a-eb63-41ba-9d22-61a7f01bc66b_tuoitre_1000day.webp}	8d10ef5b-114f-4033-b272-67150201144b	4	\N	\N	2024-01-25 09:16:14.534505	2024-01-25 09:16:14.534505	f
23	Cấp giấy phép lái xe hạng A0: Học sinh hết "vô tư" chạy xe máy, xe đạp điện	TTO - Người trên 16 tuổi sẽ được cấp giấy phép lái xe A0 được coi là một bước tiến lớn trong việc thay đổi ý thức người tham gia giao thông, đặc biệt là các em học sinh THPT.	{/public/imgs/01fb188f-1b4f-4232-8d78-ca98c4a01aed_tuoitre_laixr.webp}	8c779cb8-c040-4faa-9077-d5b4b2bb975f	4	\N	\N	2024-01-25 09:16:14.536448	2024-01-25 09:16:14.536448	f
24	Sự thật về cướp biển vùng Caribe trong lịch sử	Sự thật về cướp biển vùng Caribe trong lịch sử.\r\n        Nhắc đến “Cướp biển vùng Caribe”, nhiều người sẽ nghĩ ngay đến loạt phim điện ảnh đình đám. Tuy nhiên, trên thực tế, châu Mỹ thế kỉ 17 là thời đại hoàng kim của cướp biển.\r\n\r\nHọ là những kẻ phiêu lưu, những nhà buôn, những chiến binh lão luyện. Lá cờ đen với chiếc đầu lâu trắng, rượu rum, và thịt muối ăn ngày này sang tháng khác.\r\n\r\nĐại Tây Dương thế kỉ 17 là thiên đường của nghề cướp biển. Lúc này việc khai thác châu Mỹ đang diễn ra mạnh mẽ. Những chiếc tàu buôn tấp nập chở nô lệ tới Tân Thế giới, và trở về châu Âu chất đầy vàng, đường, thuốc lá cùng các hàng hóa phong phú khác. Các nước châu Âu vẫn còn là chế độ phong kiến, các hoàng gia vẫn lệ thuộc vào các nhóm lính đánh thuê chứ chưa có quân đội chính quy. Cải cách tôn giáo diễn ra, đẩy châu Âu vào những cuộc chiến liên miên giữa các tín đồ Kitô với Tin Lành. Các yếu tố đó làm cho Đại Tây Dương gần như trở nên vô chính phủ và nạn cướp biển hoành hành. Họ thậm chí còn thiết lập nhiều “thánh địa cướp biển”: những thành phố như Tortuga, Nassau là nơi các nhóm hải tặc tự do đi lại và tiêu thụ hàng hóa cướp được.\r\n\r\nCó 2 loại hải tặc: những tay cướp biển thông thường (pirate) và các “thủy thủ tư nhân” (privateer). Các “thủy thủ tư nhân” này hoạt động như các nhóm lính đánh thuê, nhận tiền của chính phủ một nước để đi cướp phá tàu bè của nước khác. Nạn nhân chủ yếu của lực lượng này là các thuyền buôn Tây Ban Nha, thường xuyên bị chính phủ Anh, Pháp, Hà Lan thuê người để quấy nhiễu. Henry Morgan, một tay cướp biển dân xứ Wales, đã được phong tước hiệp sĩ nhờ những chiến tích của mình.\r\n\r\nThời đại của hải tặc kết thúc vào thế kỉ 18, khi các nước châu Âu bắt đầu xây dựng quân đội quốc gia và hạn chế sử dụng lính đánh thuê. Cướp biển trở thành những kẻ ngoài vòng pháp luật thật sự, và thường xuyên bị săn đuổi bởi hải quân ngày càng lớn mạnh của các nước. Năm 1718, Nassau, thánh địa cuối cùng của hải tặc, bị người Anh chiếm đóng. Cho dù thời đại hoàng kim đã kết thúc, cướp biển vẫn thỉnh thoảng được sử dụng như một công cụ chính trị, cho tới năm 1856, khi các nước phương Tây thông qua hiệp ước về luật hàng hải.\r\n\r\nNhững tay cướp biển của thế kỉ 17, qua thời gian đã trở thành một hình mẫu đặc sắc trong văn hóa đại chúng, được khai thác trong nhiều sản phẩm văn hóa, từ tiểu thuyết cho tới phim ảnh và game.	{/public/imgs/eeecc12b-d47f-4738-8911-994b743d5e04_lsvn_teach.jpg}	10371bfd-f743-433c-a715-a10672b5da90	8	\N	\N	2024-01-25 09:16:14.539212	2024-01-25 09:16:14.539212	f
25	Cấp giấy phép lái xe hạng A0: Học sinh hết "vô tư" chạy xe máy, xe đạp điện	TTO - Hơn 150 học sinh khối THPT của quận 6 (TP.HCM) đã cùng các cán bộ Đoàn tham gia chương trình "Đêm Xuân ấm áp" vào đêm 1-2 (27 Tết Kỷ Hợi).\r\n\r\nCác bạn học sinh đã tỏa đi rong ruổi trên các đường phố của các quận 5, 6, 11 để tặng quà cho những người vô gia cư và người lao động, mưu sinh trong đêm. Đây là một trong những hoạt động của chiến dịch Xuân tình nguyện do Quận đoàn 6 thực hiện.\r\n\r\nAnh Trương Thế Cường - trưởng ban Thanh niên trường học, Quận đoàn 6 - cho biết trong thiết kế chương trình có nội dung học sinh đi vận động quà để mang tặng những người nghèo, mưu sinh trong đêm. Đây cũng là cách giúp các bạn học trò THPT có dịp trải nghiệm cuộc sống và có thêm bài học về sẻ chia, yêu thương.\r\n\r\nNhững phần quà xuân đã được trao đi, những nụ cười ấm áp đêm xuân còn lưu mãi trong tim những bạn trẻ tuổi teen.	{/public/imgs/6e50a3a0-2902-4196-baa8-5e80f69845f4_tuoitre_demxuan.webp}	ff17d040-beac-4382-b1e5-0add9e99b54d	4	\N	\N	2024-01-25 09:16:14.541216	2024-01-25 09:16:14.541216	f
26	Nhà thơ Thanh Thảo trao học bổng "Thầy tôi" cho học sinh Sơn Mỹ	Nhà thơ Thanh Thảo (Quảng Ngãi) trao học bổng 'Thầy tôi' cho 15 học sinh Trường THPT Sơn Mỹ (xã Tịnh Khê, TP.Quảng Ngãi) với tổng số tiền là 45 triệu đồng.	{/public/imgs/eedae338-d602-49fd-9831-07cfe903d55b_thanhnien_tangqua.webp}	774b0cda-d129-409a-af9a-89b2a45c3b95	5	\N	\N	2024-01-25 09:16:14.543125	2024-01-25 09:16:14.543125	f
27	Tổ, Tông và Đế hay là Cách gọi tên các vị vua Việt Nam	Tổ, Tông và Đế hay là Cách gọi tên các vị vua Việt Nam\r\n        Chỉ sau khoảng 10 phút dạo quanh quận Hoàn Kiếm, Hà Nội, chúng ta có thể đi qua bốn con phố Ngô Quyền, Đinh Tiên Hoàng, Lê Thái Tổ và Quang Trung. Điều đáng nói là bốn vị vua này được gọi tên theo những cách hoàn toàn khác nhau:\r\n\r\n- Ngô Quyền: Tên riêng, họ Ngô tên Quyền, không có tôn hiệu\r\n- Đinh Tiên Hoàng: Họ Đinh + tôn xưng Tiên Hoàng (vị vua đã mất)\r\n- Lê Thái Tổ: Họ Lê + miếu hiệu Thái Tổ\r\n- Quang Trung: Niên hiệu của vị vua có tên thật là Nguyễn Huệ\r\n\r\nTại sao lại có những cách gọi khác nhau như trên? Trước hết hãy tìm hiểu về niên hiệu và miếu hiệu.\r\n\r\nNiên hiệu là tên gọi do hoàng đế đặt ra khi lên ngôi, ví dụ như Thuận Thiên, Nguyên Phong, Hồng Đức, Gia Long, Minh Mạng… Tất cả các hoàng đế đều có niên hiệu.\r\n\r\nMiếu hiệu là tên hiệu trong tông miếu dành cho các vị quân chủ sau khi họ qua đời, thường là do vị vua tiếp theo đặt cho vị vua trước. Miếu hiệu thường ngắn và có một trong hai từ Tổ hoặc Tông, đi trước nó là một tính từ miêu tả công đức của vị vua đó, ví dụ như Lý Thái Tổ, Trần Thái Tông, Lê Thánh Tông…. Phần lớn các hoàng đế từ thời Lý trở về sau có miếu hiệu, trừ một số trường hợp đặc biệt.\r\n\r\nBây giờ hãy trở lại trường hợp của 4 vị nói trên.\r\n\r\n- Ngô Quyền: Chỉ xưng Vương, không xưng Đế, sách sử thường gọi ông là Tiền Ngô Vương. Con cháu Ngô Quyền sau này cũng không đặt miếu hiệu cho ông nên hậu thế chỉ có thể gọi ông là Ngô Vương/Ngô Vương Quyền/Ngô Quyền.\r\n\r\n- Đinh Tiên Hoàng: Tên thật là Đinh Bộ Lĩnh, xưng đế và đặt niên hiệu là Thái Bình, nhưng con cháu không đặt miếu hiệu nên sử sách chỉ gọi là Đinh Tiên Hoàng.\r\n\r\n- Lê Thái Tổ: Tên thật Lê Lợi, xưng đế với niên hiệu Thuận Thiên, về sau được tôn miếu hiệu là Thái Tổ.\r\n\r\n- Quang Trung: Tên thật Nguyễn Huệ, xưng đế với niên hiệu Quang Trung, miếu hiệu là Thái tổ, thuỵ hiệu là Vũ Hoàng Đế.\r\n\r\nNhư vậy danh xưng Ngô Quyền và Đinh Tiên Hoàng là dễ hiểu. Nhưng câu chuyện của Lê Thái Tổ và Quang Trung lại đưa đến một kết luận khác: từ thời Lê trung hưng trở về trước, các hoàng đế Việt Nam hầu như luôn luôn được gọi bằng miếu hiệu (Lý/Trần/Lê + Thái Tổ/Thái Tông/Thánh Tông/Nhân Tông….), còn từ sau thời Lê thì họ được nhắc đến qua niên hiệu (Quang Trung, Cảnh Thịnh, Gia Long, Minh Mạng, Tự Đức, Duy Tân, Hàm Nghi….). Vì sao?\r\n\r\nBởi vì từ Lý đến Lê, các hoàng đế Việt Nam thường sử dụng nhiều niên hiệu trong suốt thời gian trị vì. Các vua nhà Lý thường có 5-6 niên hiệu, nhà Trần có 2, nhà Lê có 2-3… do đó việc sử dụng niên hiệu để gọi tên một vị vua đương nhiên không khả thi. Nếu dùng niên hiệu thì Lê Tư Thành có thể được gọi là vua Quang Thuận hoặc vua Hồng Đức, Trần Khâm có thể được gọi là Trùng Hưng hoặc Thiệu Bảo, còn nếu dùng miếu hiệu thì hai vị đó đơn giản là Lê Thánh Tông và Trần Nhân Tông. Cá biệt như Lý Thái Tông có tới 6 niên hiệu (Thiên Thành, Thông Thụy, Càn Phù Hữu Đạo, Minh Đạo, Thiên Cảm Thánh Vũ, Sùng Hưng Đại Bảo).\r\n\r\nKể từ Tây Sơn, các hoàng đế Việt Nam (trừ Nguyễn Quang Toản) đều chỉ có một niên hiệu. Nguyễn Huệ có niên hiệu Quang Trung, Nguyễn Phúc Ánh có niên hiệu Gia Long, Nguyễn Phúc Đảm có niên hiệu Minh Mạng, Nguyễn Phúc Vĩnh Thụy có niên hiệu Bảo Đại…. Do đó các sử gia dùng niên hiệu để gọi các vị này cho tiện.\r\n\r\nĐến đây lại nảy sinh một câu hỏi nữa, vì sao kể từ Tây Sơn thì các hoàng đế Việt Nam chỉ dùng một niên hiệu? Vì phép đặt niên hiệu của hoàng đế Việt Nam bị ảnh hưởng nhiều bởi các hoàng đế Trung Hoa.\r\n\r\nTừ Hán đến Tống, thuyết thiên nhân cảm ứng được đề cao nên các hoàng đế Trung Hoa thường xuyên thay đổi niên hiệu mỗi khi nước nhà bị hạn hán, lũ lụt… hoặc đơn giản là cảm thấy đang gặp nhiều vận đen. Nói nôm na là “đổi tên để mong đổi vận”. Kể từ triều Minh, vai trò của thuyết thiên nhân cảm ứng được hạ thấp nên các hoàng đế chỉ đặt một niên hiệu, bắt đầu từ Hồng Vũ Đế Chu Nguyên Chương. Nhà Thanh vào Trung Nguyên và tiếp thu phần lớn chế độ của triều Minh, bao gồm cả cách đặt niên hiệu. Vì học theo phép đặt niên hiệu của hai triều Minh - Thanh nên các hoàng đế nhà Nguyễn cũng chỉ có một niên hiệu duy nhất.\r\n\r\nTóm lại, vì chịu ảnh hưởng của các triều đại Trung Hoa từ Hán, Đường đến Tống nên các triều đại Việt Nam từ Lý, Trần, Lê thường dùng nhiều niên hiệu, khiến sử gia phải dùng miếu hiệu để gọi các hoàng đế, từ đó tạo ra những tên đường như Trần Nhân Tông, Lê Thánh Tông… . Vì học theo hai triều Minh, Thanh nên vua nhà Nguyễn chỉ có một niên hiệu, từ đó chúng ta có những con đường như Thành Thái, Duy Tân, Hàm Nghi… Đó có lẽ cũng là một điểm thú vị của tên các con phố Hà Nội.	{/public/imgs/548bb3fb-24df-4a14-b761-b712a905a6de_lsvn_tenvua.jpg}	ddafcbe2-ff84-486f-9b84-eb64b1b1558c	8	\N	\N	2024-01-25 09:16:14.547719	2024-01-25 09:16:14.547719	f
28	“Điều quan trọng nhất khi chọn trường, lớp là sự phù hợp. Học sinh vui vẻ, hạnh phúc, khi về nhà tràn ngập tiếng cười”, Thầy giáo Võ Quốc Bá Cẩn nổi tiếng với những lớp có 100% học sinh đỗ trường chuyên chia sẻ.	“Điều quan trọng nhất khi chọn trường, lớp là sự phù hợp. Học sinh vui vẻ, hạnh phúc, khi về nhà tràn ngập tiếng cười”, Thầy giáo Võ Quốc Bá Cẩn nổi tiếng với những lớp có 100% học sinh đỗ trường chuyên chia sẻ.\r\n        Thầy Võ Quốc Bá Cẩn, Trường THCS Archimedes (Hà Nội), người truyền cảm hứng, đào tạo nhiều học sinh giỏi, bất ngờ tiết lộ từng thi trượt trường chuyên và chọn sai nghề trước khi dạy học.	{/public/imgs/54031e27-f6cd-490a-9b22-115066d03b79_kh_voquocbacan.jpg}	db7a1356-f668-4777-b810-39ffc468785d	6	\N	\N	2024-01-25 09:16:14.551207	2024-01-25 09:16:14.551207	f
29	Câu chuyện về hai người bạn thân ở hai đầu chiến tuyến trong chiến dịch Nguyễn Huệ	Câu chuyện về hai người bạn thân ở hai đầu chiến tuyến trong chiến dịch Nguyễn Huệ.\r\n        Trong chiến dịch Nguyễn Huệ (1/4/1972 đến 19/1/1973), việc phòng thủ mặt Nam của tiểu khu Bình Long, chỉ rộng không đầy 3km2 được giao cho trung tá Nguyễn Thống Thành chỉ huy. Đó cũng chính là hướng tấn công của Trung đoàn 201A quân Giải phóng do Chính ủy Nguyễn Văn Có phụ trách.\r\nLịch sử oái oăm: Thiếu tá Nguyễn Văn Có bên tấn công và Trung tá Nguyễn Thống Thành bên phòng thủ, cách đó không lâu lại là một cặp bạn bè thân thiết!\r\nNguyễn Văn Có - trưởng phòng Hành quân Bộ Tổng tham mưu quân lực VNCH, là một điệp viên Mặt trận Giải phóng đã được cài cắm từ lâu, chính ông là người tham gia soạn bản đồ hành quân chiến dịch Lam Sơn 719. cũng chính ông ta là người thay Đại tướng Tổng Tham mưu trưởng Cao Văn Viên thuyết trình kế hoạch hành quân sang Hạ Lào cho Nguyễn Văn Thiệu và các tướng lĩnh cao cấp của Mỹ trên Hạm đội 7 trước khi chiến dịch mở màn.\r\nSau thất bại nặng nề ở Lào, tình báo Mỹ và VNCH tập trung truy tìm các “Việt Cộng nằm vùng”, nhưng đến tháng 3/1972, khi có lệnh bắt giữ để điều tra thì người ta mới phát hiện thiếu tá Nguyễn Văn Có đã biến mất mà không ai hay biết.\r\nHai tháng sau, tại mặt trận tiểu khu Bình Long, sau khi ăn vài quả đắng, trung tá Nguyễn Thống Thành mới biết được chỉ huy trung đoàn 201A quân Giải phóng (chủ lực miền) đang tấn công mình chính là ông bạn cũ: thiếu tá Nguyễn Văn Có. Việc quân VNCH bị dập tơi bời ở đây chẳng có gì khó hiểu: chính ông Có - trước khi bị lộ - là người tham gia soạn thảo kế hoạch phòng thủ đường 13, mặt trận Bình Long cho quân lực VNCH.\r\nChính ủy Nguyễn Văn Có đã có một đề xuất táo bạo: cho đặc công bắt cóc Nguyễn Thống Thành nhằm làm nhụt ý chí của binh sĩ địch. Giao nhiệm vụ cho một tổ trinh sát đặc công thiện chiến, vị chính ủy dặn đi dặn lại: “Chỉ được bắt sống. Không bắt được thì hủy nhiệm vụ, tuyệt đối không được giết. Ông ấy là bạn tôi”.\r\nTrước sự phòng thủ dày đặc ở Tiểu khu Bình Long, ý đồ bắt Nguyễn Thống Thành đã không thể thực hiện được. Thay vào đó, tổ trinh sát đã đưa được vào tận phòng ở của viên tỉnh trưởng tại sở chỉ huy tiền phương một bức thư do ông Có tự tay chấp bút. Trong thư, vị chính ủy cảnh báo viên tỉnh trưởng: sự thất bại và sụp đổ của chế độ Sài Gòn là không thể tránh khỏi, chỉ còn tính từng ngày. Ông khuyên bạn cũ nên triệt thoái quân lực để đỡ tốn xương máu của binh sĩ.\r\nTết Nguyên đán năm 1973, một thùng hàng được thả xuống trận địa quân Giải phóng, ghi rõ “kính gửi ông Sáu Đột (tức Nguyễn Văn Có), Chính ủy Trung đoàn 201”. Khui thùng hàng, tổ trinh sát thấy trong đó có mấy thùng thịt hộp, một ít hoa quả khô, một thùng rượu whisky, 10 cây thuốc lá Ruby… và một số xa xỉ phẩm khác, kèm một phong thư. Chuyển thư cho thủ trưởng xong, sợ bỏ thuốc độc trong quà, anh em khui một hộp thịt, định cho chó ăn thử.\r\nĐúng lúc đó, ông Có xuất hiện, tay cầm phong thư của viên tỉnh trưởng. Ông khoát tay: “Không cần thử. Ông ấy không cùng chiến tuyến, nhưng không phải là hạng tiểu nhân”. Sau đó, ông đưa thư cho trợ lý Nguyễn Mạnh Hồng đọc.\r\n“Kính gửi ông Nguyễn Văn Có (Sáu Đột),\r\nChính ủy Trung đoàn 201\r\nNhân dịp Tết đến, Xuân về, tôi, đại tá Nguyễn Thống Thành, Tỉnh trưởng, Tiểu khu trưởng Bình Long, quân lực Việt Nam Cộng hòa xin có mấy lời gửi thăm sức khỏe ông.\r\nThưa ông, tôi với ông bây giờ hai người đã hai đầu chiến tuyến, gặp nhau chắc chỉ trên chiến địa, trò chuyện cùng nhau chắc chỉ bằng súng đạn. Dù sao, chúng ta cũng đã từng bạn bè thân thiết nhiều năm. Tôi vẫn luôn nhớ còn thiếu nợ ông 1.000.000 đồng chưa trả. Xin hứa danh dự, tôi sẽ gửi lại và cảm ơn đầy đủ bất kỳ khi nào có dịp.\r\nXin gửi ông một ít quà vui Tết.\r\nChúc ông sức khỏe và hẹn ông trên chiến địa.\r\nBạn cũ\r\nNguyễn Thống Thành”.\r\nNghe đọc lại thư, ông Có phì cười: “Thằng cha tỉnh trưởng này sợ rồi, nhưng khôn. Ổng sợ tôi cho anh em vào hạ sát, nên viết thư gợi tình xưa nghĩa cũ để mình đừng ra tay đó mà. Ruby cứ hút, thịt hộp, rượu mạnh anh em cứ dùng. Lính tráng bên này bên kia nhưng bạn bè cứ là bạn bè, mình ghi nhận”.\r\nHiệp định Paris ký kết tháng 1/1973, chiến sự Bình Long dịu xuống. Tuy nhiên số phận thế nào, hai người bạn cũ lại đụng độ nhau trên chiến trường Phước Long cuối năm 1974 đầu 1975. Khi đó, trung đoàn 201 của Nguyễn Văn Có phối hợp với các đơn vị địa phương đánh thẳng vào trung tâm thị xã. Quân binh tan tác, Nguyễn Thống Thành (lúc này là đại tá) bỏ chạy ra bờ sông Bé và thiệt mạng khi chạm súng với một đơn vị trinh sát của chính trung đoàn 201.	{/public/imgs/486ff478-e7b6-469a-919d-38db232805e8_lsvn_banthan.jpg,/public/imgs/3382106a-585f-412e-ab80-44507e40a732_lsvn_banthan2.jpg}	511f9ec1-6595-40f2-91d5-d253cc3e00aa	8	\N	\N	2024-01-25 09:16:14.554667	2024-01-25 09:16:14.554667	f
30		Trà là loại đố uống xuất xứ từ Trung Quốc. Ở Châu Âu, những thương nhân người Bồ Đào Nha là những người đầu tiên uống trà và giới thiệu nó với người nước mình. Đến đầu thế kỷ 17, trà lần đầu tiên du nhập vào Anh, Hà Lan. \r\nXem chi tiết ở phía dưới!	{https://scontent.fsgn19-1.fna.fbcdn.net/v/t39.30808-6/416336289_773848008118525_2640504804500294432_n.jpg?_nc_cat=110&ccb=1-7&_nc_sid=3635dc&_nc_eui2=AeHv6rCYYJRWOTpCy5uqY4gAjP_4b2hBHYiM__hvaEEdiHQST8kiPC2WiCDwsbeaRk2_Ta8_mpJh7YPA40RkaBOM&_nc_ohc=mm1szwLL6JAAX90JhN3&_nc_ht=scontent.fsgn19-1.fna&oh=00_AfC5B9s0GbvV0Eek4Nn0Sd5mHjYQS53f215Lvirt8KbrWw&oe=65AD7310}	becae239-a65e-4333-b6f6-849e53c7ee70	8	\N	2	2024-01-25 09:16:14.556798	2024-01-25 09:16:14.556798	f
31		Đánh nhau cũng tranh thủ đun nước pha trà	\N	7f0deb3e-fe76-42e2-a389-73878a706d01	13	30	2	2024-01-25 09:16:14.558293	2024-01-25 09:16:14.558293	f
32		Trước khi đến Việt Nam, lí.nh M.ỹ đã được học một khóa thời lượng 5 tiếng về các loại b.ẫy mà người Đức và người Nhật từng sử dụng trong th.ế chi.ến II. \r\nNhưng rồi, họ nhanh chóng nhận ra phần lớn kiến thức đó đều vô dụng ở dải đất bé nhỏ hình chữ S này...\r\nXem chi tiết ở phía dưới!	{https://scontent.fsgn19-1.fna.fbcdn.net/v/t39.30808-6/415001512_771163845053608_8844311999638558726_n.jpg?_nc_cat=102&ccb=1-7&_nc_sid=3635dc&_nc_eui2=AeGZHC94YfL7Gtjjfkq_bfjMWqxWQvrnD1NarFZC-ucPU0yBjv0WvACUqanTuoOWoyTRjgPOmAHPEwS8YH2OchG_&_nc_ohc=qK4WjPlix9YAX8Qqv3u&_nc_ht=scontent.fsgn19-1.fna&oh=00_AfDH1ZuOgwTXEBXU-UXasekwu-KCP4woYzH_6kzo61TumA&oe=65AC558D}	8f98980e-67a4-46e2-bc39-3f47d064594d	8	\N	2	2024-01-25 09:16:14.56017	2024-01-25 09:16:14.56017	f
33		Ngày này năm xưa: Ngày 28/12/1964 - Trận Bình Giã\r\nTrận Bình Giã là trậ.n đán.h chính nằm trong Chiế.n dị.ch Bình Giã xảy ra vào cuối tháng 12 năm 1964 tại địa bàn làng Bình Giã, tỉnh Phước Tuy, cách Sài Gòn 67 km, giữa Quân giả.i phó.ng miền Nam và Quâ.n lự.c Việt Nam Cộng hòa, với cố vấn Mỹ chỉ huy. \r\nXem chi tiết ở bên dưới!	{https://scontent.fsgn19-1.fna.fbcdn.net/v/t39.30808-6/414745853_767047918798534_928225736976030664_n.jpg?_nc_cat=101&ccb=1-7&_nc_sid=3635dc&_nc_eui2=AeGMj28dJPnBGGzudXVYu04ZkIlkfp0aXDGQiWR-nRpcMe-k3Z2z6J_ux8yR1VoAgdjJCxlsgTXaVfGDlxDr--h_&_nc_ohc=w0BY-fgx8PcAX9gT9pY&_nc_ht=scontent.fsgn19-1.fna&oh=00_AfAeIC5vWvGj_445pX5LV3k3hGQcLRvImhrsotJJGqzSAw&oe=65AC7CCF}	1ccafc67-7993-4d6c-8b61-ca1bcf279179	8	\N	2	2024-01-25 09:16:14.562487	2024-01-25 09:16:14.562487	f
34		Ngày này năm xưa: 29/12/1427 - Quân Minh rút về nước, khởi nghĩa Lam Sơn chính thức thắng lợi\r\nXem chi tiết ở bình luận.	{https://scontent.fsgn19-1.fna.fbcdn.net/v/t39.30808-6/414667383_767955198707806_860536884531408043_n.jpg?_nc_cat=103&ccb=1-7&_nc_sid=3635dc&_nc_eui2=AeEvnhodA6BjZAm3wEhK13oh6Sv52VDDmX3pK_nZUMOZfVYrA2SDW708agtt670I0NuWhkn1Qq8Gudjr9DH_oqWx&_nc_ohc=vhaW76RrTC4AX_S6OwP&_nc_ht=scontent.fsgn19-1.fna&oh=00_AfCt512nHqm25y6AroYdKML1IXQOhKPXny_JvXAhb5Wb_w&oe=65AD4D5F}	fb56da13-352b-4f8e-ae72-9a182a0cd0af	8	\N	2	2024-01-25 09:16:14.564104	2024-01-25 09:16:14.564104	f
35		Trong chiế.n dị.ch Nguyễn Huệ (1/4/1972 đến 19/1/1973), việc phò.ng th.ủ mặt Nam của tiểu khu Bình Long, chỉ rộng không đầy 3km2 được giao cho trung tá Nguyễn Thống Thành chỉ huy. Đó cũng chính là hướng tấ.n cô.ng của Trung đoàn 201A quân Giải phóng do Chính ủy Nguyễn Văn Có phụ trách.\r\nMột điều oái oăm: Thiếu tá Nguyễn Văn Có bên tấ.n cô.ng và Trung tá Nguyễn Thống Thành bên phò.ng th.ủ, cách đó không lâu lại là một cặp bạn bè thân thiết!\r\nXem thêm ở phần bình luận.	{/public/imgs/486ff478-e7b6-469a-919d-38db232805e8_lsvn_banthan.jpg,/public/imgs/3382106a-585f-412e-ab80-44507e40a732_lsvn_banthan2.jpg}	a2c37fa7-2139-47d4-aedd-f5ec9810b95a	8	\N	2	2024-01-25 09:16:14.565843	2024-01-25 09:16:14.565843	f
36		Không tránh khỏi trong chiến tranh ..	\N	965ec735-bfcf-4d91-8aef-9d9c3ef03e4a	10	35	2	2024-01-25 09:16:14.567737	2024-01-25 09:16:14.567737	f
37		Tài liệu này mà làm phim thì Hollywood tuổi	\N	9c0e4021-0870-448e-83d1-2938c4f3b784	11	35	2	2024-01-25 09:16:14.569291	2024-01-25 09:16:14.569291	f
38		hơi tiếc nhỉ, ô Thống mà còn sống hoà bình 2 ô gặp lại nhau thì hay	\N	c9912505-198a-4ef2-b8fb-d6224bbd0e22	12	35	2	2024-01-25 09:16:14.571144	2024-01-25 09:16:14.571144	f
\.


--
-- Data for Name: post_summarization; Type: TABLE DATA; Schema: public; Owner: dev
--

COPY public.post_summarization (id, content_summarization, create_at, update_at, deleted) FROM stdin;
\.


--
-- Data for Name: post_tag; Type: TABLE DATA; Schema: public; Owner: dev
--

COPY public.post_tag (id, post_id, tag, create_at, update_at, deleted) FROM stdin;
\.


--
-- Data for Name: school; Type: TABLE DATA; Schema: public; Owner: dev
--

COPY public.school (id, address, name, create_at, update_at, deleted) FROM stdin;
1	Quận 1	THPT Bùi Thị Xuân	2024-03-11 14:02:52.132141	2024-03-11 14:02:52.132141	f
2	Quận 1	THPT Trưng Vương	2024-03-11 14:02:52.132141	2024-03-11 14:02:52.132141	f
3	Quận 1	THPT Ten Lơ Man	2024-03-11 14:02:52.132141	2024-03-11 14:02:52.132141	f
4	Quận 1	THPT Lương Thế Vinh	2024-03-11 14:02:52.132141	2024-03-11 14:02:52.132141	f
5	Quận 1	THPT Năng Khiếu TDTT	2024-03-11 14:02:52.132141	2024-03-11 14:02:52.132141	f
6	Quận 1	THPT Chuyên Trần Đại Nghĩa	2024-03-11 14:02:52.132141	2024-03-11 14:02:52.132141	f
7	Quận 1	Phổ thông Năng Khiếu Thể Thao Olympic	2024-03-11 14:02:52.132141	2024-03-11 14:02:52.132141	f
8	Quận 1	Trường TH - THCS -THPT Anh Quốc	2024-03-11 14:02:52.132141	2024-03-11 14:02:52.132141	f
9	TP Thủ Đức Khu vực 1 (Quận 2 cũ)	THPT Thủ Thiêm	2024-03-11 14:02:52.132141	2024-03-11 14:02:52.132141	f
10	TP Thủ Đức Khu vực 1 (Quận 2 cũ)	THPT Giồng Ông Tố	2024-03-11 14:02:52.132141	2024-03-11 14:02:52.132141	f
11	Quận 3	THPT Nguyễn Thị Minh Khai	2024-03-11 14:02:52.132141	2024-03-11 14:02:52.132141	f
12	Quận 3	THPT Lê Quí Đôn	2024-03-11 14:02:52.132141	2024-03-11 14:02:52.132141	f
13	Quận 3	THPT Marie Curie	2024-03-11 14:02:52.132141	2024-03-11 14:02:52.132141	f
14	Quận 3	THPT Lê Thị Hồng Gấm	2024-03-11 14:02:52.132141	2024-03-11 14:02:52.132141	f
15	Quận 3	THPT Nguyễn Thị Diệu	2024-03-11 14:02:52.132141	2024-03-11 14:02:52.132141	f
16	Quận 4	THPT Nguyễn Trãi	2024-03-11 14:02:52.132141	2024-03-11 14:02:52.132141	f
17	Quận 4	THPT Nguyễn Hữu Thọ	2024-03-11 14:02:52.132141	2024-03-11 14:02:52.132141	f
18	Quận 5	Trung Học Thực Hành Sài Gòn	2024-03-11 14:02:52.132141	2024-03-11 14:02:52.132141	f
19	Quận 5	THPT Trần Hữu Trang	2024-03-11 14:02:52.132141	2024-03-11 14:02:52.132141	f
20	Quận 5	Phổ Thông Năng Khiếu, ĐHQG-HCM	2024-03-11 14:02:52.132141	2024-03-11 14:02:52.132141	f
21	Quận 5	Trung học Thực hành Đại học Sư phạm TP.HCM	2024-03-11 14:02:52.132141	2024-03-11 14:02:52.132141	f
22	Quận 5	THPT Chuyên Lê Hồng Phong	2024-03-11 14:02:52.132141	2024-03-11 14:02:52.132141	f
23	Quận 5	THPT Hùng Vương	2024-03-11 14:02:52.132141	2024-03-11 14:02:52.132141	f
24	Quận 5	TH Thực Hành ĐHSP	2024-03-11 14:02:52.132141	2024-03-11 14:02:52.132141	f
25	Quận 5	PT Năng Khiếu Đại Học Quốc Gia	2024-03-11 14:02:52.132141	2024-03-11 14:02:52.132141	f
26	Quận 5	THPT Trần Khai Nguyên	2024-03-11 14:02:52.132141	2024-03-11 14:02:52.132141	f
27	Quận 6	THPT Mạc Đĩnh Chi	2024-03-11 14:02:52.132141	2024-03-11 14:02:52.132141	f
28	Quận 6	THPT Bình Phú	2024-03-11 14:02:52.132141	2024-03-11 14:02:52.132141	f
29	Quận 6	THPT Nguyễn Tất Thành	2024-03-11 14:02:52.132141	2024-03-11 14:02:52.132141	f
30	Quận 6	THPT Phạm Phú Thứ	2024-03-11 14:02:52.132141	2024-03-11 14:02:52.132141	f
31	Quận 7	THPT Nam Sài Gòn	2024-03-11 14:02:52.132141	2024-03-11 14:02:52.132141	f
32	Quận 7	THPT Ngô Quyền	2024-03-11 14:02:52.132141	2024-03-11 14:02:52.132141	f
33	Quận 7	Trường Quốc tế Việt Nam - Phần Lan	2024-03-11 14:02:52.132141	2024-03-11 14:02:52.132141	f
34	Quận 7	THPT Tân Phong	2024-03-11 14:02:52.132141	2024-03-11 14:02:52.132141	f
35	Quận 7	THPT Lê Thánh Tôn	2024-03-11 14:02:52.132141	2024-03-11 14:02:52.132141	f
36	Quận 8	THPT Nguyễn Văn Linh	2024-03-11 14:02:52.132141	2024-03-11 14:02:52.132141	f
37	Quận 8	THPT Lương Văn Can	2024-03-11 14:02:52.132141	2024-03-11 14:02:52.132141	f
38	Quận 8	THPT Ngô Gia Tự	2024-03-11 14:02:52.132141	2024-03-11 14:02:52.132141	f
39	Quận 8	THPT Tạ Quang Bửu	2024-03-11 14:02:52.132141	2024-03-11 14:02:52.132141	f
40	Quận 8	THPT Võ Văn Kiệt	2024-03-11 14:02:52.132141	2024-03-11 14:02:52.132141	f
41	Quận 8	THPT Năng khiếu TDTT Nguyễn Thị Định	2024-03-11 14:02:52.132141	2024-03-11 14:02:52.132141	f
42	TP Thủ Đức Khu vực 2 (Quận 9 cũ)	THPT Dương Văn Thì	2024-03-11 14:02:52.132141	2024-03-11 14:02:52.132141	f
43	TP Thủ Đức Khu vực 2 (Quận 9 cũ)	THPT Phước Long	2024-03-11 14:02:52.132141	2024-03-11 14:02:52.132141	f
44	TP Thủ Đức Khu vực 2 (Quận 9 cũ)	THPT Long Trường	2024-03-11 14:02:52.132141	2024-03-11 14:02:52.132141	f
45	TP Thủ Đức Khu vực 2 (Quận 9 cũ)	THPT Nguyễn Huệ	2024-03-11 14:02:52.132141	2024-03-11 14:02:52.132141	f
46	TP Thủ Đức Khu vực 2 (Quận 9 cũ)	THPT Nguyễn Văn Tăng	2024-03-11 14:02:52.132141	2024-03-11 14:02:52.132141	f
47	Quận 10	THPT Nguyễn An Ninh	2024-03-11 14:02:52.132141	2024-03-11 14:02:52.132141	f
48	Quận 10	THPT Nguyễn Khuyến	2024-03-11 14:02:52.132141	2024-03-11 14:02:52.132141	f
49	Quận 10	THPT Nguyễn Du	2024-03-11 14:02:52.132141	2024-03-11 14:02:52.132141	f
50	Quận 10	THPT SƯƠNG NGUYỆT ANH	2024-03-11 14:02:52.132141	2024-03-11 14:02:52.132141	f
\.


--
-- Data for Name: student; Type: TABLE DATA; Schema: public; Owner: dev
--

COPY public.student (id, parent_id, create_at, update_at, deleted, school_id) FROM stdin;
1	10	2024-03-12 15:54:03.423984	2024-03-12 15:54:03.423984	f	1
2	10	2024-03-12 15:54:14.300895	2024-03-12 15:54:14.300895	f	1
3	10	2024-03-12 15:54:19.44517	2024-03-12 15:54:19.44517	f	1
4	11	2024-03-12 16:23:29.975475	2024-03-12 16:23:29.975475	f	1
5	11	2024-03-12 16:23:29.975475	2024-03-12 16:23:29.975475	f	1
6	11	2024-03-12 16:23:29.975475	2024-03-12 16:23:29.975475	f	1
7	12	2024-03-12 16:28:51.948285	2024-03-12 16:28:51.948285	f	1
8	12	2024-03-12 16:28:51.948285	2024-03-12 16:28:51.948285	f	1
9	12	2024-03-12 16:28:51.948285	2024-03-12 16:28:51.948285	f	1
36	12	2024-03-24 16:45:59.501	2024-03-24 16:45:59.501	f	1
\.


--
-- Data for Name: subject; Type: TABLE DATA; Schema: public; Owner: dev
--

COPY public.subject (id, name, create_at, update_at, deleted) FROM stdin;
1	Ngữ Văn 10	2024-03-11 13:53:54.631579	2024-03-11 13:53:54.631579	f
2	Toán 10	2024-03-11 13:53:54.631579	2024-03-11 13:53:54.631579	f
3	Ngoại ngữ 10	2024-03-11 13:53:54.631579	2024-03-11 13:53:54.631579	f
4	Lịch sử 10	2024-03-11 13:53:54.631579	2024-03-11 13:53:54.631579	f
5	Địa lí 10	2024-03-11 13:53:54.631579	2024-03-11 13:53:54.631579	f
6	Vật lí 10	2024-03-11 13:53:54.631579	2024-03-11 13:53:54.631579	f
7	Hóa học 10	2024-03-11 13:53:54.631579	2024-03-11 13:53:54.631579	f
8	Sinh học 10	2024-03-11 13:53:54.631579	2024-03-11 13:53:54.631579	f
9	Giáo công dân 10	2024-03-11 13:53:54.631579	2024-03-11 13:53:54.631579	f
10	Giáo dục quốc phòng và an ninh 10	2024-03-11 13:53:54.631579	2024-03-11 13:53:54.631579	f
11	Công nghệ 10	2024-03-11 13:53:54.631579	2024-03-11 13:53:54.631579	f
12	Tin học 10	2024-03-11 13:53:54.631579	2024-03-11 13:53:54.631579	f
13	Giáo dục thể chất 10	2024-03-11 13:53:54.631579	2024-03-11 13:53:54.631579	f
14	Ngữ Văn 11	2024-03-11 13:53:54.631579	2024-03-11 13:53:54.631579	f
15	Toán 11	2024-03-11 13:53:54.631579	2024-03-11 13:53:54.631579	f
16	Ngoại ngữ 11	2024-03-11 13:53:54.631579	2024-03-11 13:53:54.631579	f
17	Lịch sử 11	2024-03-11 13:53:54.631579	2024-03-11 13:53:54.631579	f
18	Địa lí 11	2024-03-11 13:53:54.631579	2024-03-11 13:53:54.631579	f
19	Vật lí 11	2024-03-11 13:53:54.631579	2024-03-11 13:53:54.631579	f
20	Hóa học 11	2024-03-11 13:53:54.631579	2024-03-11 13:53:54.631579	f
21	Sinh học 11	2024-03-11 13:53:54.631579	2024-03-11 13:53:54.631579	f
22	Giáo công dân 11	2024-03-11 13:53:54.631579	2024-03-11 13:53:54.631579	f
23	Giáo dục quốc phòng và an ninh 11	2024-03-11 13:53:54.631579	2024-03-11 13:53:54.631579	f
24	Công nghệ 11	2024-03-11 13:53:54.631579	2024-03-11 13:53:54.631579	f
25	Tin học 11	2024-03-11 13:53:54.631579	2024-03-11 13:53:54.631579	f
26	Giáo dục thể chất 11	2024-03-11 13:53:54.631579	2024-03-11 13:53:54.631579	f
27	Ngữ Văn 12	2024-03-11 13:53:54.631579	2024-03-11 13:53:54.631579	f
28	Toán 12	2024-03-11 13:53:54.631579	2024-03-11 13:53:54.631579	f
29	Ngoại ngữ 12	2024-03-11 13:53:54.631579	2024-03-11 13:53:54.631579	f
30	Lịch sử 12	2024-03-11 13:53:54.631579	2024-03-11 13:53:54.631579	f
31	Địa lí 12	2024-03-11 13:53:54.631579	2024-03-11 13:53:54.631579	f
32	Vật lí 12	2024-03-11 13:53:54.631579	2024-03-11 13:53:54.631579	f
33	Hóa học 12	2024-03-11 13:53:54.631579	2024-03-11 13:53:54.631579	f
34	Sinh học 12	2024-03-11 13:53:54.631579	2024-03-11 13:53:54.631579	f
35	Giáo công dân 12	2024-03-11 13:53:54.631579	2024-03-11 13:53:54.631579	f
36	Giáo dục quốc phòng và an ninh 12	2024-03-11 13:53:54.631579	2024-03-11 13:53:54.631579	f
37	Công nghệ 12	2024-03-11 13:53:54.631579	2024-03-11 13:53:54.631579	f
38	Tin học 12	2024-03-11 13:53:54.631579	2024-03-11 13:53:54.631579	f
39	Giáo dục thể chất 12	2024-03-11 13:53:54.631579	2024-03-11 13:53:54.631579	f
\.


--
-- Data for Name: teacher; Type: TABLE DATA; Schema: public; Owner: dev
--

COPY public.teacher (id, create_at, update_at, deleted, school_id) FROM stdin;
15	2024-03-15 14:10:48.548294	2024-03-15 14:10:48.548294	f	1
26	2024-03-24 15:42:36.404496	2024-03-24 15:42:36.404496	f	1
30	2024-03-24 16:03:19.769	2024-03-24 16:03:19.769	f	1
31	2024-03-24 16:11:43.686	2024-03-24 16:11:43.686	f	1
32	2024-03-24 16:14:57.201	2024-03-24 16:14:57.201	f	1
\.


--
-- Data for Name: transcript; Type: TABLE DATA; Schema: public; Owner: dev
--

COPY public.transcript (id, fifteen_minutes_score, midterm_score, final_score, student_id, subject_id, semester, create_at, update_at, deleted) FROM stdin;
1	10	9	9	1	1	1	2024-03-12 16:06:56.403116	2024-03-12 16:06:56.403116	f
119	10	6	6	1	2	1	2024-03-12 16:25:24.405499	2024-03-12 16:25:24.405499	f
120	9	10	6	1	4	1	2024-03-12 16:25:35.895643	2024-03-12 16:25:35.895643	f
121	6	8	10	1	3	1	2024-03-12 16:25:54.554804	2024-03-12 16:25:54.554804	f
122	9	10	6	1	4	1	2024-03-12 16:25:54.554804	2024-03-12 16:25:54.554804	f
123	10	7	7	1	5	1	2024-03-12 16:25:54.554804	2024-03-12 16:25:54.554804	f
124	9	5	10	1	6	1	2024-03-12 16:25:54.554804	2024-03-12 16:25:54.554804	f
125	7	9	10	1	7	1	2024-03-12 16:25:54.554804	2024-03-12 16:25:54.554804	f
126	6	5	8	1	8	1	2024-03-12 16:25:54.554804	2024-03-12 16:25:54.554804	f
127	9	8	6	1	9	1	2024-03-12 16:25:54.554804	2024-03-12 16:25:54.554804	f
128	9	5	6	1	10	1	2024-03-12 16:25:54.554804	2024-03-12 16:25:54.554804	f
129	10	6	7	1	11	1	2024-03-12 16:25:54.554804	2024-03-12 16:25:54.554804	f
130	5	7	8	1	12	1	2024-03-12 16:25:54.554804	2024-03-12 16:25:54.554804	f
131	8	10	8	1	13	1	2024-03-12 16:25:54.554804	2024-03-12 16:25:54.554804	f
132	9	5	7	1	14	1	2024-03-12 16:25:54.554804	2024-03-12 16:25:54.554804	f
133	8	7	8	1	15	1	2024-03-12 16:25:54.554804	2024-03-12 16:25:54.554804	f
134	6	6	9	1	16	1	2024-03-12 16:25:54.554804	2024-03-12 16:25:54.554804	f
135	10	8	7	1	17	1	2024-03-12 16:25:54.554804	2024-03-12 16:25:54.554804	f
136	5	7	6	1	18	1	2024-03-12 16:25:54.554804	2024-03-12 16:25:54.554804	f
137	10	9	7	1	19	1	2024-03-12 16:25:54.554804	2024-03-12 16:25:54.554804	f
138	9	5	6	1	20	1	2024-03-12 16:25:54.554804	2024-03-12 16:25:54.554804	f
139	7	7	9	1	21	1	2024-03-12 16:25:54.554804	2024-03-12 16:25:54.554804	f
140	8	5	6	1	22	1	2024-03-12 16:25:54.554804	2024-03-12 16:25:54.554804	f
141	9	9	10	1	23	1	2024-03-12 16:25:54.554804	2024-03-12 16:25:54.554804	f
142	6	5	10	1	24	1	2024-03-12 16:25:54.554804	2024-03-12 16:25:54.554804	f
143	6	9	10	1	25	1	2024-03-12 16:25:54.554804	2024-03-12 16:25:54.554804	f
144	9	10	10	1	26	1	2024-03-12 16:25:54.554804	2024-03-12 16:25:54.554804	f
145	9	6	7	1	27	1	2024-03-12 16:25:54.554804	2024-03-12 16:25:54.554804	f
146	6	9	6	1	28	1	2024-03-12 16:25:54.554804	2024-03-12 16:25:54.554804	f
147	10	5	7	1	29	1	2024-03-12 16:25:54.554804	2024-03-12 16:25:54.554804	f
148	5	10	9	1	30	1	2024-03-12 16:25:54.554804	2024-03-12 16:25:54.554804	f
149	8	5	8	1	31	1	2024-03-12 16:25:54.554804	2024-03-12 16:25:54.554804	f
150	7	8	9	1	32	1	2024-03-12 16:25:54.554804	2024-03-12 16:25:54.554804	f
151	8	10	8	1	33	1	2024-03-12 16:25:54.554804	2024-03-12 16:25:54.554804	f
152	8	9	10	1	34	1	2024-03-12 16:25:54.554804	2024-03-12 16:25:54.554804	f
153	6	7	7	1	35	1	2024-03-12 16:25:54.554804	2024-03-12 16:25:54.554804	f
154	6	7	8	1	36	1	2024-03-12 16:25:54.554804	2024-03-12 16:25:54.554804	f
155	8	5	9	1	37	1	2024-03-12 16:25:54.554804	2024-03-12 16:25:54.554804	f
156	6	7	9	1	38	1	2024-03-12 16:25:54.554804	2024-03-12 16:25:54.554804	f
157	8	6	6	1	39	1	2024-03-12 16:25:54.554804	2024-03-12 16:25:54.554804	f
158	7	5	9	2	1	1	2024-03-12 16:25:54.554804	2024-03-12 16:25:54.554804	f
159	5	9	7	2	2	1	2024-03-12 16:25:54.554804	2024-03-12 16:25:54.554804	f
160	8	9	10	2	3	1	2024-03-12 16:25:54.554804	2024-03-12 16:25:54.554804	f
161	9	9	8	2	4	1	2024-03-12 16:25:54.554804	2024-03-12 16:25:54.554804	f
162	6	7	6	2	5	1	2024-03-12 16:25:54.554804	2024-03-12 16:25:54.554804	f
163	9	7	9	2	6	1	2024-03-12 16:25:54.554804	2024-03-12 16:25:54.554804	f
164	10	8	8	2	7	1	2024-03-12 16:25:54.554804	2024-03-12 16:25:54.554804	f
165	5	7	8	2	8	1	2024-03-12 16:25:54.554804	2024-03-12 16:25:54.554804	f
166	9	10	6	2	9	1	2024-03-12 16:25:54.554804	2024-03-12 16:25:54.554804	f
167	8	5	9	2	10	1	2024-03-12 16:25:54.554804	2024-03-12 16:25:54.554804	f
168	9	7	6	2	11	1	2024-03-12 16:25:54.554804	2024-03-12 16:25:54.554804	f
169	6	7	8	2	12	1	2024-03-12 16:25:54.554804	2024-03-12 16:25:54.554804	f
170	8	7	8	2	13	1	2024-03-12 16:25:54.554804	2024-03-12 16:25:54.554804	f
171	10	8	7	2	14	1	2024-03-12 16:25:54.554804	2024-03-12 16:25:54.554804	f
172	7	5	8	2	15	1	2024-03-12 16:25:54.554804	2024-03-12 16:25:54.554804	f
173	9	10	9	2	16	1	2024-03-12 16:25:54.554804	2024-03-12 16:25:54.554804	f
174	7	10	7	2	17	1	2024-03-12 16:25:54.554804	2024-03-12 16:25:54.554804	f
175	8	8	9	2	18	1	2024-03-12 16:25:54.554804	2024-03-12 16:25:54.554804	f
176	6	7	9	2	19	1	2024-03-12 16:25:54.554804	2024-03-12 16:25:54.554804	f
177	7	10	9	2	20	1	2024-03-12 16:25:54.554804	2024-03-12 16:25:54.554804	f
178	8	10	8	2	21	1	2024-03-12 16:25:54.554804	2024-03-12 16:25:54.554804	f
179	9	8	8	2	22	1	2024-03-12 16:25:54.554804	2024-03-12 16:25:54.554804	f
180	10	8	6	2	23	1	2024-03-12 16:25:54.554804	2024-03-12 16:25:54.554804	f
181	7	5	6	2	24	1	2024-03-12 16:25:54.554804	2024-03-12 16:25:54.554804	f
182	9	10	6	2	25	1	2024-03-12 16:25:54.554804	2024-03-12 16:25:54.554804	f
183	5	8	6	2	26	1	2024-03-12 16:25:54.554804	2024-03-12 16:25:54.554804	f
184	7	10	10	2	27	1	2024-03-12 16:25:54.554804	2024-03-12 16:25:54.554804	f
185	8	9	10	2	28	1	2024-03-12 16:25:54.554804	2024-03-12 16:25:54.554804	f
186	7	6	10	2	29	1	2024-03-12 16:25:54.554804	2024-03-12 16:25:54.554804	f
187	8	6	6	2	30	1	2024-03-12 16:25:54.554804	2024-03-12 16:25:54.554804	f
188	7	6	8	2	31	1	2024-03-12 16:25:54.554804	2024-03-12 16:25:54.554804	f
189	8	5	9	2	32	1	2024-03-12 16:25:54.554804	2024-03-12 16:25:54.554804	f
190	10	5	7	2	33	1	2024-03-12 16:25:54.554804	2024-03-12 16:25:54.554804	f
191	5	10	9	2	34	1	2024-03-12 16:25:54.554804	2024-03-12 16:25:54.554804	f
192	10	9	10	2	35	1	2024-03-12 16:25:54.554804	2024-03-12 16:25:54.554804	f
193	9	7	8	2	36	1	2024-03-12 16:25:54.554804	2024-03-12 16:25:54.554804	f
194	8	8	9	2	37	1	2024-03-12 16:25:54.554804	2024-03-12 16:25:54.554804	f
195	7	5	10	2	38	1	2024-03-12 16:25:54.554804	2024-03-12 16:25:54.554804	f
196	9	9	10	2	39	1	2024-03-12 16:25:54.554804	2024-03-12 16:25:54.554804	f
197	6	6	10	3	1	1	2024-03-12 16:25:54.554804	2024-03-12 16:25:54.554804	f
198	8	6	7	3	2	1	2024-03-12 16:25:54.554804	2024-03-12 16:25:54.554804	f
199	6	7	8	3	3	1	2024-03-12 16:25:54.554804	2024-03-12 16:25:54.554804	f
200	8	7	7	3	4	1	2024-03-12 16:25:54.554804	2024-03-12 16:25:54.554804	f
201	7	9	8	3	5	1	2024-03-12 16:25:54.554804	2024-03-12 16:25:54.554804	f
202	6	6	6	3	6	1	2024-03-12 16:25:54.554804	2024-03-12 16:25:54.554804	f
203	9	6	7	3	7	1	2024-03-12 16:25:54.554804	2024-03-12 16:25:54.554804	f
204	10	10	8	3	8	1	2024-03-12 16:25:54.554804	2024-03-12 16:25:54.554804	f
205	7	7	8	3	9	1	2024-03-12 16:25:54.554804	2024-03-12 16:25:54.554804	f
206	9	8	7	3	10	1	2024-03-12 16:25:54.554804	2024-03-12 16:25:54.554804	f
207	9	10	10	3	11	1	2024-03-12 16:25:54.554804	2024-03-12 16:25:54.554804	f
208	5	7	10	3	12	1	2024-03-12 16:25:54.554804	2024-03-12 16:25:54.554804	f
209	9	7	8	3	13	1	2024-03-12 16:25:54.554804	2024-03-12 16:25:54.554804	f
210	10	10	6	3	14	1	2024-03-12 16:25:54.554804	2024-03-12 16:25:54.554804	f
211	5	10	10	3	15	1	2024-03-12 16:25:54.554804	2024-03-12 16:25:54.554804	f
212	8	10	7	3	16	1	2024-03-12 16:25:54.554804	2024-03-12 16:25:54.554804	f
213	9	9	6	3	17	1	2024-03-12 16:25:54.554804	2024-03-12 16:25:54.554804	f
214	7	8	8	3	18	1	2024-03-12 16:25:54.554804	2024-03-12 16:25:54.554804	f
215	6	10	10	3	19	1	2024-03-12 16:25:54.554804	2024-03-12 16:25:54.554804	f
216	7	6	8	3	20	1	2024-03-12 16:25:54.554804	2024-03-12 16:25:54.554804	f
217	9	6	7	3	21	1	2024-03-12 16:25:54.554804	2024-03-12 16:25:54.554804	f
218	9	8	10	3	22	1	2024-03-12 16:25:54.554804	2024-03-12 16:25:54.554804	f
219	6	6	6	3	23	1	2024-03-12 16:25:54.554804	2024-03-12 16:25:54.554804	f
220	10	5	10	3	24	1	2024-03-12 16:25:54.554804	2024-03-12 16:25:54.554804	f
221	8	5	8	3	25	1	2024-03-12 16:25:54.554804	2024-03-12 16:25:54.554804	f
222	5	5	8	3	26	1	2024-03-12 16:25:54.554804	2024-03-12 16:25:54.554804	f
223	5	7	8	3	27	1	2024-03-12 16:25:54.554804	2024-03-12 16:25:54.554804	f
224	10	6	10	3	28	1	2024-03-12 16:25:54.554804	2024-03-12 16:25:54.554804	f
225	5	6	9	3	29	1	2024-03-12 16:25:54.554804	2024-03-12 16:25:54.554804	f
226	5	8	9	3	30	1	2024-03-12 16:25:54.554804	2024-03-12 16:25:54.554804	f
227	5	6	7	3	31	1	2024-03-12 16:25:54.554804	2024-03-12 16:25:54.554804	f
228	8	5	7	3	32	1	2024-03-12 16:25:54.554804	2024-03-12 16:25:54.554804	f
229	5	5	8	3	33	1	2024-03-12 16:25:54.554804	2024-03-12 16:25:54.554804	f
230	5	10	9	3	34	1	2024-03-12 16:25:54.554804	2024-03-12 16:25:54.554804	f
231	6	8	9	3	35	1	2024-03-12 16:25:54.554804	2024-03-12 16:25:54.554804	f
232	6	5	7	3	36	1	2024-03-12 16:25:54.554804	2024-03-12 16:25:54.554804	f
233	7	10	6	3	37	1	2024-03-12 16:25:54.554804	2024-03-12 16:25:54.554804	f
234	5	7	7	3	38	1	2024-03-12 16:25:54.554804	2024-03-12 16:25:54.554804	f
235	10	8	10	3	39	1	2024-03-12 16:25:54.554804	2024-03-12 16:25:54.554804	f
236	10	8	10	4	1	1	2024-03-12 16:25:54.554804	2024-03-12 16:25:54.554804	f
237	10	8	8	4	2	1	2024-03-12 16:25:54.554804	2024-03-12 16:25:54.554804	f
238	6	6	8	4	3	1	2024-03-12 16:25:54.554804	2024-03-12 16:25:54.554804	f
239	8	9	6	4	4	1	2024-03-12 16:25:54.554804	2024-03-12 16:25:54.554804	f
240	5	10	10	4	5	1	2024-03-12 16:25:54.554804	2024-03-12 16:25:54.554804	f
241	9	9	7	4	6	1	2024-03-12 16:25:54.554804	2024-03-12 16:25:54.554804	f
242	6	7	8	4	7	1	2024-03-12 16:25:54.554804	2024-03-12 16:25:54.554804	f
243	5	9	8	4	8	1	2024-03-12 16:25:54.554804	2024-03-12 16:25:54.554804	f
244	9	9	10	4	9	1	2024-03-12 16:25:54.554804	2024-03-12 16:25:54.554804	f
245	8	6	9	4	10	1	2024-03-12 16:25:54.554804	2024-03-12 16:25:54.554804	f
246	5	5	8	4	11	1	2024-03-12 16:25:54.554804	2024-03-12 16:25:54.554804	f
247	7	10	6	4	12	1	2024-03-12 16:25:54.554804	2024-03-12 16:25:54.554804	f
248	8	10	6	4	13	1	2024-03-12 16:25:54.554804	2024-03-12 16:25:54.554804	f
249	9	9	9	4	14	1	2024-03-12 16:25:54.554804	2024-03-12 16:25:54.554804	f
250	5	9	6	4	15	1	2024-03-12 16:25:54.554804	2024-03-12 16:25:54.554804	f
251	9	7	8	4	16	1	2024-03-12 16:25:54.554804	2024-03-12 16:25:54.554804	f
252	10	8	9	4	17	1	2024-03-12 16:25:54.554804	2024-03-12 16:25:54.554804	f
253	9	9	9	4	18	1	2024-03-12 16:25:54.554804	2024-03-12 16:25:54.554804	f
254	10	9	10	4	19	1	2024-03-12 16:25:54.554804	2024-03-12 16:25:54.554804	f
255	10	10	6	4	20	1	2024-03-12 16:25:54.554804	2024-03-12 16:25:54.554804	f
256	8	5	6	4	21	1	2024-03-12 16:25:54.554804	2024-03-12 16:25:54.554804	f
257	9	9	10	4	22	1	2024-03-12 16:25:54.554804	2024-03-12 16:25:54.554804	f
258	5	9	8	4	23	1	2024-03-12 16:25:54.554804	2024-03-12 16:25:54.554804	f
259	6	5	7	4	24	1	2024-03-12 16:25:54.554804	2024-03-12 16:25:54.554804	f
260	5	5	8	4	25	1	2024-03-12 16:25:54.554804	2024-03-12 16:25:54.554804	f
261	9	9	9	4	26	1	2024-03-12 16:25:54.554804	2024-03-12 16:25:54.554804	f
262	8	5	10	4	27	1	2024-03-12 16:25:54.554804	2024-03-12 16:25:54.554804	f
263	7	5	10	4	28	1	2024-03-12 16:25:54.554804	2024-03-12 16:25:54.554804	f
264	6	5	10	4	29	1	2024-03-12 16:25:54.554804	2024-03-12 16:25:54.554804	f
265	10	7	6	4	30	1	2024-03-12 16:25:54.554804	2024-03-12 16:25:54.554804	f
266	6	5	9	4	31	1	2024-03-12 16:25:54.554804	2024-03-12 16:25:54.554804	f
267	10	9	9	4	32	1	2024-03-12 16:25:54.554804	2024-03-12 16:25:54.554804	f
268	8	9	8	4	33	1	2024-03-12 16:25:54.554804	2024-03-12 16:25:54.554804	f
269	10	8	8	4	34	1	2024-03-12 16:25:54.554804	2024-03-12 16:25:54.554804	f
270	7	9	6	4	35	1	2024-03-12 16:25:54.554804	2024-03-12 16:25:54.554804	f
271	6	8	8	4	36	1	2024-03-12 16:25:54.554804	2024-03-12 16:25:54.554804	f
272	10	8	10	4	37	1	2024-03-12 16:25:54.554804	2024-03-12 16:25:54.554804	f
273	6	5	9	4	38	1	2024-03-12 16:25:54.554804	2024-03-12 16:25:54.554804	f
274	10	5	8	4	39	1	2024-03-12 16:25:54.554804	2024-03-12 16:25:54.554804	f
275	9	6	6	5	1	1	2024-03-12 16:25:54.554804	2024-03-12 16:25:54.554804	f
276	6	10	8	5	2	1	2024-03-12 16:25:54.554804	2024-03-12 16:25:54.554804	f
277	5	8	7	5	3	1	2024-03-12 16:25:54.554804	2024-03-12 16:25:54.554804	f
278	5	6	7	5	4	1	2024-03-12 16:25:54.554804	2024-03-12 16:25:54.554804	f
279	10	6	6	5	5	1	2024-03-12 16:25:54.554804	2024-03-12 16:25:54.554804	f
280	10	10	7	5	6	1	2024-03-12 16:25:54.554804	2024-03-12 16:25:54.554804	f
281	9	5	9	5	7	1	2024-03-12 16:25:54.554804	2024-03-12 16:25:54.554804	f
282	8	5	6	5	8	1	2024-03-12 16:25:54.554804	2024-03-12 16:25:54.554804	f
283	5	5	8	5	9	1	2024-03-12 16:25:54.554804	2024-03-12 16:25:54.554804	f
284	7	5	10	5	10	1	2024-03-12 16:25:54.554804	2024-03-12 16:25:54.554804	f
285	5	7	7	5	11	1	2024-03-12 16:25:54.554804	2024-03-12 16:25:54.554804	f
286	7	8	6	5	12	1	2024-03-12 16:25:54.554804	2024-03-12 16:25:54.554804	f
287	5	9	8	5	13	1	2024-03-12 16:25:54.554804	2024-03-12 16:25:54.554804	f
288	7	6	6	5	14	1	2024-03-12 16:25:54.554804	2024-03-12 16:25:54.554804	f
289	5	8	8	5	15	1	2024-03-12 16:25:54.554804	2024-03-12 16:25:54.554804	f
290	8	10	7	5	16	1	2024-03-12 16:25:54.554804	2024-03-12 16:25:54.554804	f
291	5	5	9	5	17	1	2024-03-12 16:25:54.554804	2024-03-12 16:25:54.554804	f
292	10	8	7	5	18	1	2024-03-12 16:25:54.554804	2024-03-12 16:25:54.554804	f
293	9	10	7	5	19	1	2024-03-12 16:25:54.554804	2024-03-12 16:25:54.554804	f
294	10	8	6	5	20	1	2024-03-12 16:25:54.554804	2024-03-12 16:25:54.554804	f
295	10	6	8	5	21	1	2024-03-12 16:25:54.554804	2024-03-12 16:25:54.554804	f
296	8	10	6	5	22	1	2024-03-12 16:25:54.554804	2024-03-12 16:25:54.554804	f
297	6	8	7	5	23	1	2024-03-12 16:25:54.554804	2024-03-12 16:25:54.554804	f
298	10	6	8	5	24	1	2024-03-12 16:25:54.554804	2024-03-12 16:25:54.554804	f
299	7	5	9	5	25	1	2024-03-12 16:25:54.554804	2024-03-12 16:25:54.554804	f
300	9	7	6	5	26	1	2024-03-12 16:25:54.554804	2024-03-12 16:25:54.554804	f
301	5	10	8	5	27	1	2024-03-12 16:25:54.554804	2024-03-12 16:25:54.554804	f
302	7	5	9	5	28	1	2024-03-12 16:25:54.554804	2024-03-12 16:25:54.554804	f
303	10	10	9	5	29	1	2024-03-12 16:25:54.554804	2024-03-12 16:25:54.554804	f
304	7	10	7	5	30	1	2024-03-12 16:25:54.554804	2024-03-12 16:25:54.554804	f
305	10	5	8	5	31	1	2024-03-12 16:25:54.554804	2024-03-12 16:25:54.554804	f
306	7	7	7	5	32	1	2024-03-12 16:25:54.554804	2024-03-12 16:25:54.554804	f
307	7	9	10	5	33	1	2024-03-12 16:25:54.554804	2024-03-12 16:25:54.554804	f
308	10	5	8	5	34	1	2024-03-12 16:25:54.554804	2024-03-12 16:25:54.554804	f
309	6	10	10	5	35	1	2024-03-12 16:25:54.554804	2024-03-12 16:25:54.554804	f
310	8	9	6	5	36	1	2024-03-12 16:25:54.554804	2024-03-12 16:25:54.554804	f
311	5	8	9	5	37	1	2024-03-12 16:25:54.554804	2024-03-12 16:25:54.554804	f
312	8	7	10	5	38	1	2024-03-12 16:25:54.554804	2024-03-12 16:25:54.554804	f
313	8	9	7	5	39	1	2024-03-12 16:25:54.554804	2024-03-12 16:25:54.554804	f
314	7	5	10	1	1	2	2024-03-12 16:25:54.554804	2024-03-12 16:25:54.554804	f
315	5	9	8	1	2	2	2024-03-12 16:25:54.554804	2024-03-12 16:25:54.554804	f
316	6	8	8	1	3	2	2024-03-12 16:25:54.554804	2024-03-12 16:25:54.554804	f
317	7	8	7	1	4	2	2024-03-12 16:25:54.554804	2024-03-12 16:25:54.554804	f
318	8	6	10	1	5	2	2024-03-12 16:25:54.554804	2024-03-12 16:25:54.554804	f
319	7	8	8	1	6	2	2024-03-12 16:25:54.554804	2024-03-12 16:25:54.554804	f
320	6	10	7	1	7	2	2024-03-12 16:25:54.554804	2024-03-12 16:25:54.554804	f
321	9	5	9	1	8	2	2024-03-12 16:25:54.554804	2024-03-12 16:25:54.554804	f
322	7	7	9	1	9	2	2024-03-12 16:25:54.554804	2024-03-12 16:25:54.554804	f
323	9	5	9	1	10	2	2024-03-12 16:25:54.554804	2024-03-12 16:25:54.554804	f
324	10	6	7	1	11	2	2024-03-12 16:25:54.554804	2024-03-12 16:25:54.554804	f
325	8	5	7	1	12	2	2024-03-12 16:25:54.554804	2024-03-12 16:25:54.554804	f
326	5	6	7	1	13	2	2024-03-12 16:25:54.554804	2024-03-12 16:25:54.554804	f
327	10	5	10	1	14	2	2024-03-12 16:25:54.554804	2024-03-12 16:25:54.554804	f
328	7	8	10	1	15	2	2024-03-12 16:25:54.554804	2024-03-12 16:25:54.554804	f
329	9	10	9	1	16	2	2024-03-12 16:25:54.554804	2024-03-12 16:25:54.554804	f
330	7	10	10	1	17	2	2024-03-12 16:25:54.554804	2024-03-12 16:25:54.554804	f
331	8	8	10	1	18	2	2024-03-12 16:25:54.554804	2024-03-12 16:25:54.554804	f
332	10	6	9	1	19	2	2024-03-12 16:25:54.554804	2024-03-12 16:25:54.554804	f
333	9	6	9	1	20	2	2024-03-12 16:25:54.554804	2024-03-12 16:25:54.554804	f
334	8	5	7	1	21	2	2024-03-12 16:25:54.554804	2024-03-12 16:25:54.554804	f
335	5	7	10	1	22	2	2024-03-12 16:25:54.554804	2024-03-12 16:25:54.554804	f
336	9	5	8	1	23	2	2024-03-12 16:25:54.554804	2024-03-12 16:25:54.554804	f
337	6	7	8	1	24	2	2024-03-12 16:25:54.554804	2024-03-12 16:25:54.554804	f
338	6	7	7	1	25	2	2024-03-12 16:25:54.554804	2024-03-12 16:25:54.554804	f
339	10	7	9	1	26	2	2024-03-12 16:25:54.554804	2024-03-12 16:25:54.554804	f
340	10	8	6	1	27	2	2024-03-12 16:25:54.554804	2024-03-12 16:25:54.554804	f
341	7	5	10	1	28	2	2024-03-12 16:25:54.554804	2024-03-12 16:25:54.554804	f
342	8	10	9	1	29	2	2024-03-12 16:25:54.554804	2024-03-12 16:25:54.554804	f
343	6	8	9	1	30	2	2024-03-12 16:25:54.554804	2024-03-12 16:25:54.554804	f
344	7	5	8	1	31	2	2024-03-12 16:25:54.554804	2024-03-12 16:25:54.554804	f
345	8	10	8	1	32	2	2024-03-12 16:25:54.554804	2024-03-12 16:25:54.554804	f
346	6	5	9	1	33	2	2024-03-12 16:25:54.554804	2024-03-12 16:25:54.554804	f
347	8	10	7	1	34	2	2024-03-12 16:25:54.554804	2024-03-12 16:25:54.554804	f
348	6	10	6	1	35	2	2024-03-12 16:25:54.554804	2024-03-12 16:25:54.554804	f
349	8	7	6	1	36	2	2024-03-12 16:25:54.554804	2024-03-12 16:25:54.554804	f
350	6	7	6	1	37	2	2024-03-12 16:25:54.554804	2024-03-12 16:25:54.554804	f
351	8	10	7	1	38	2	2024-03-12 16:25:54.554804	2024-03-12 16:25:54.554804	f
352	8	6	8	1	39	2	2024-03-12 16:25:54.554804	2024-03-12 16:25:54.554804	f
353	6	6	7	2	1	2	2024-03-12 16:25:54.554804	2024-03-12 16:25:54.554804	f
354	8	9	7	2	2	2	2024-03-12 16:25:54.554804	2024-03-12 16:25:54.554804	f
355	7	7	8	2	3	2	2024-03-12 16:25:54.554804	2024-03-12 16:25:54.554804	f
356	6	10	8	2	4	2	2024-03-12 16:25:54.554804	2024-03-12 16:25:54.554804	f
357	10	5	9	2	5	2	2024-03-12 16:25:54.554804	2024-03-12 16:25:54.554804	f
358	8	10	7	2	6	2	2024-03-12 16:25:54.554804	2024-03-12 16:25:54.554804	f
359	8	8	10	2	7	2	2024-03-12 16:25:54.554804	2024-03-12 16:25:54.554804	f
360	6	8	10	2	8	2	2024-03-12 16:25:54.554804	2024-03-12 16:25:54.554804	f
361	8	8	9	2	9	2	2024-03-12 16:25:54.554804	2024-03-12 16:25:54.554804	f
362	10	10	6	2	10	2	2024-03-12 16:25:54.554804	2024-03-12 16:25:54.554804	f
363	10	9	8	2	11	2	2024-03-12 16:25:54.554804	2024-03-12 16:25:54.554804	f
364	8	9	6	2	12	2	2024-03-12 16:25:54.554804	2024-03-12 16:25:54.554804	f
365	10	7	7	2	13	2	2024-03-12 16:25:54.554804	2024-03-12 16:25:54.554804	f
366	9	7	8	2	14	2	2024-03-12 16:25:54.554804	2024-03-12 16:25:54.554804	f
367	8	7	7	2	15	2	2024-03-12 16:25:54.554804	2024-03-12 16:25:54.554804	f
368	5	6	8	2	16	2	2024-03-12 16:25:54.554804	2024-03-12 16:25:54.554804	f
369	6	8	7	2	17	2	2024-03-12 16:25:54.554804	2024-03-12 16:25:54.554804	f
370	7	10	10	2	18	2	2024-03-12 16:25:54.554804	2024-03-12 16:25:54.554804	f
371	5	5	6	2	19	2	2024-03-12 16:25:54.554804	2024-03-12 16:25:54.554804	f
372	6	10	6	2	20	2	2024-03-12 16:25:54.554804	2024-03-12 16:25:54.554804	f
373	8	9	10	2	21	2	2024-03-12 16:25:54.554804	2024-03-12 16:25:54.554804	f
374	5	5	9	2	22	2	2024-03-12 16:25:54.554804	2024-03-12 16:25:54.554804	f
375	6	8	10	2	23	2	2024-03-12 16:25:54.554804	2024-03-12 16:25:54.554804	f
376	8	5	10	2	24	2	2024-03-12 16:25:54.554804	2024-03-12 16:25:54.554804	f
377	9	9	9	2	25	2	2024-03-12 16:25:54.554804	2024-03-12 16:25:54.554804	f
378	5	7	7	2	26	2	2024-03-12 16:25:54.554804	2024-03-12 16:25:54.554804	f
379	10	5	9	2	27	2	2024-03-12 16:25:54.554804	2024-03-12 16:25:54.554804	f
380	7	7	10	2	28	2	2024-03-12 16:25:54.554804	2024-03-12 16:25:54.554804	f
381	10	6	10	2	29	2	2024-03-12 16:25:54.554804	2024-03-12 16:25:54.554804	f
382	9	10	10	2	30	2	2024-03-12 16:25:54.554804	2024-03-12 16:25:54.554804	f
383	10	7	7	2	31	2	2024-03-12 16:25:54.554804	2024-03-12 16:25:54.554804	f
384	7	8	9	2	32	2	2024-03-12 16:25:54.554804	2024-03-12 16:25:54.554804	f
385	10	9	10	2	33	2	2024-03-12 16:25:54.554804	2024-03-12 16:25:54.554804	f
386	8	10	7	2	34	2	2024-03-12 16:25:54.554804	2024-03-12 16:25:54.554804	f
387	5	5	6	2	35	2	2024-03-12 16:25:54.554804	2024-03-12 16:25:54.554804	f
388	6	6	9	2	36	2	2024-03-12 16:25:54.554804	2024-03-12 16:25:54.554804	f
389	8	10	6	2	37	2	2024-03-12 16:25:54.554804	2024-03-12 16:25:54.554804	f
390	8	7	7	2	38	2	2024-03-12 16:25:54.554804	2024-03-12 16:25:54.554804	f
391	7	7	7	2	39	2	2024-03-12 16:25:54.554804	2024-03-12 16:25:54.554804	f
392	6	5	7	3	1	2	2024-03-12 16:25:54.554804	2024-03-12 16:25:54.554804	f
393	10	7	10	3	2	2	2024-03-12 16:25:54.554804	2024-03-12 16:25:54.554804	f
394	9	5	6	3	3	2	2024-03-12 16:25:54.554804	2024-03-12 16:25:54.554804	f
395	10	6	6	3	4	2	2024-03-12 16:25:54.554804	2024-03-12 16:25:54.554804	f
396	5	8	8	3	5	2	2024-03-12 16:25:54.554804	2024-03-12 16:25:54.554804	f
397	7	8	10	3	6	2	2024-03-12 16:25:54.554804	2024-03-12 16:25:54.554804	f
398	6	7	6	3	7	2	2024-03-12 16:25:54.554804	2024-03-12 16:25:54.554804	f
399	8	9	10	3	8	2	2024-03-12 16:25:54.554804	2024-03-12 16:25:54.554804	f
400	5	5	7	3	9	2	2024-03-12 16:25:54.554804	2024-03-12 16:25:54.554804	f
401	5	5	8	3	10	2	2024-03-12 16:25:54.554804	2024-03-12 16:25:54.554804	f
402	10	6	8	3	11	2	2024-03-12 16:25:54.554804	2024-03-12 16:25:54.554804	f
403	7	5	10	3	12	2	2024-03-12 16:25:54.554804	2024-03-12 16:25:54.554804	f
404	10	8	6	3	13	2	2024-03-12 16:25:54.554804	2024-03-12 16:25:54.554804	f
405	6	6	8	3	14	2	2024-03-12 16:25:54.554804	2024-03-12 16:25:54.554804	f
406	8	5	9	3	15	2	2024-03-12 16:25:54.554804	2024-03-12 16:25:54.554804	f
407	7	8	6	3	16	2	2024-03-12 16:25:54.554804	2024-03-12 16:25:54.554804	f
408	5	5	9	3	17	2	2024-03-12 16:25:54.554804	2024-03-12 16:25:54.554804	f
409	8	8	8	3	18	2	2024-03-12 16:25:54.554804	2024-03-12 16:25:54.554804	f
410	8	6	8	3	19	2	2024-03-12 16:25:54.554804	2024-03-12 16:25:54.554804	f
411	10	5	7	3	20	2	2024-03-12 16:25:54.554804	2024-03-12 16:25:54.554804	f
412	5	10	8	3	21	2	2024-03-12 16:25:54.554804	2024-03-12 16:25:54.554804	f
413	10	7	7	3	22	2	2024-03-12 16:25:54.554804	2024-03-12 16:25:54.554804	f
414	7	10	9	3	23	2	2024-03-12 16:25:54.554804	2024-03-12 16:25:54.554804	f
415	6	5	7	3	24	2	2024-03-12 16:25:54.554804	2024-03-12 16:25:54.554804	f
416	6	8	8	3	25	2	2024-03-12 16:25:54.554804	2024-03-12 16:25:54.554804	f
417	10	5	10	3	26	2	2024-03-12 16:25:54.554804	2024-03-12 16:25:54.554804	f
418	6	7	10	3	27	2	2024-03-12 16:25:54.554804	2024-03-12 16:25:54.554804	f
419	10	5	8	3	28	2	2024-03-12 16:25:54.554804	2024-03-12 16:25:54.554804	f
420	7	6	7	3	29	2	2024-03-12 16:25:54.554804	2024-03-12 16:25:54.554804	f
421	9	5	6	3	30	2	2024-03-12 16:25:54.554804	2024-03-12 16:25:54.554804	f
422	9	5	10	3	31	2	2024-03-12 16:25:54.554804	2024-03-12 16:25:54.554804	f
423	7	10	10	3	32	2	2024-03-12 16:25:54.554804	2024-03-12 16:25:54.554804	f
424	7	8	9	3	33	2	2024-03-12 16:25:54.554804	2024-03-12 16:25:54.554804	f
425	10	6	7	3	34	2	2024-03-12 16:25:54.554804	2024-03-12 16:25:54.554804	f
426	5	5	10	3	35	2	2024-03-12 16:25:54.554804	2024-03-12 16:25:54.554804	f
427	8	8	10	3	36	2	2024-03-12 16:25:54.554804	2024-03-12 16:25:54.554804	f
428	6	6	6	3	37	2	2024-03-12 16:25:54.554804	2024-03-12 16:25:54.554804	f
429	10	6	8	3	38	2	2024-03-12 16:25:54.554804	2024-03-12 16:25:54.554804	f
430	8	8	8	3	39	2	2024-03-12 16:25:54.554804	2024-03-12 16:25:54.554804	f
431	10	9	10	4	1	2	2024-03-12 16:25:54.554804	2024-03-12 16:25:54.554804	f
432	10	7	8	4	2	2	2024-03-12 16:25:54.554804	2024-03-12 16:25:54.554804	f
433	10	7	7	4	3	2	2024-03-12 16:25:54.554804	2024-03-12 16:25:54.554804	f
434	6	7	6	4	4	2	2024-03-12 16:25:54.554804	2024-03-12 16:25:54.554804	f
435	6	9	6	4	5	2	2024-03-12 16:25:54.554804	2024-03-12 16:25:54.554804	f
436	9	8	7	4	6	2	2024-03-12 16:25:54.554804	2024-03-12 16:25:54.554804	f
437	10	5	10	4	7	2	2024-03-12 16:25:54.554804	2024-03-12 16:25:54.554804	f
438	7	6	7	4	8	2	2024-03-12 16:25:54.554804	2024-03-12 16:25:54.554804	f
439	9	10	7	4	9	2	2024-03-12 16:25:54.554804	2024-03-12 16:25:54.554804	f
440	8	9	7	4	10	2	2024-03-12 16:25:54.554804	2024-03-12 16:25:54.554804	f
441	6	6	8	4	11	2	2024-03-12 16:25:54.554804	2024-03-12 16:25:54.554804	f
442	10	7	6	4	12	2	2024-03-12 16:25:54.554804	2024-03-12 16:25:54.554804	f
443	5	8	9	4	13	2	2024-03-12 16:25:54.554804	2024-03-12 16:25:54.554804	f
444	7	9	9	4	14	2	2024-03-12 16:25:54.554804	2024-03-12 16:25:54.554804	f
445	6	5	6	4	15	2	2024-03-12 16:25:54.554804	2024-03-12 16:25:54.554804	f
446	7	7	7	4	16	2	2024-03-12 16:25:54.554804	2024-03-12 16:25:54.554804	f
447	5	6	7	4	17	2	2024-03-12 16:25:54.554804	2024-03-12 16:25:54.554804	f
448	8	6	7	4	18	2	2024-03-12 16:25:54.554804	2024-03-12 16:25:54.554804	f
449	5	6	9	4	19	2	2024-03-12 16:25:54.554804	2024-03-12 16:25:54.554804	f
450	10	9	6	4	20	2	2024-03-12 16:25:54.554804	2024-03-12 16:25:54.554804	f
451	10	5	8	4	21	2	2024-03-12 16:25:54.554804	2024-03-12 16:25:54.554804	f
452	8	7	8	4	22	2	2024-03-12 16:25:54.554804	2024-03-12 16:25:54.554804	f
453	6	8	10	4	23	2	2024-03-12 16:25:54.554804	2024-03-12 16:25:54.554804	f
454	8	6	6	4	24	2	2024-03-12 16:25:54.554804	2024-03-12 16:25:54.554804	f
455	7	9	8	4	25	2	2024-03-12 16:25:54.554804	2024-03-12 16:25:54.554804	f
456	5	10	9	4	26	2	2024-03-12 16:25:54.554804	2024-03-12 16:25:54.554804	f
457	5	6	8	4	27	2	2024-03-12 16:25:54.554804	2024-03-12 16:25:54.554804	f
458	8	8	8	4	28	2	2024-03-12 16:25:54.554804	2024-03-12 16:25:54.554804	f
459	5	8	9	4	29	2	2024-03-12 16:25:54.554804	2024-03-12 16:25:54.554804	f
460	6	10	6	4	30	2	2024-03-12 16:25:54.554804	2024-03-12 16:25:54.554804	f
461	10	5	10	4	31	2	2024-03-12 16:25:54.554804	2024-03-12 16:25:54.554804	f
462	5	10	8	4	32	2	2024-03-12 16:25:54.554804	2024-03-12 16:25:54.554804	f
463	5	9	9	4	33	2	2024-03-12 16:25:54.554804	2024-03-12 16:25:54.554804	f
464	7	7	8	4	34	2	2024-03-12 16:25:54.554804	2024-03-12 16:25:54.554804	f
465	6	10	7	4	35	2	2024-03-12 16:25:54.554804	2024-03-12 16:25:54.554804	f
466	7	6	9	4	36	2	2024-03-12 16:25:54.554804	2024-03-12 16:25:54.554804	f
467	5	7	8	4	37	2	2024-03-12 16:25:54.554804	2024-03-12 16:25:54.554804	f
468	6	5	8	4	38	2	2024-03-12 16:25:54.554804	2024-03-12 16:25:54.554804	f
469	6	7	8	4	39	2	2024-03-12 16:25:54.554804	2024-03-12 16:25:54.554804	f
470	7	5	8	5	1	2	2024-03-12 16:25:54.554804	2024-03-12 16:25:54.554804	f
471	10	7	6	5	2	2	2024-03-12 16:25:54.554804	2024-03-12 16:25:54.554804	f
472	9	8	10	5	3	2	2024-03-12 16:25:54.554804	2024-03-12 16:25:54.554804	f
473	5	8	10	5	4	2	2024-03-12 16:25:54.554804	2024-03-12 16:25:54.554804	f
474	7	10	10	5	5	2	2024-03-12 16:25:54.554804	2024-03-12 16:25:54.554804	f
475	9	9	6	5	6	2	2024-03-12 16:25:54.554804	2024-03-12 16:25:54.554804	f
476	9	9	9	5	7	2	2024-03-12 16:25:54.554804	2024-03-12 16:25:54.554804	f
477	6	10	9	5	8	2	2024-03-12 16:25:54.554804	2024-03-12 16:25:54.554804	f
478	10	7	7	5	9	2	2024-03-12 16:25:54.554804	2024-03-12 16:25:54.554804	f
479	6	10	8	5	10	2	2024-03-12 16:25:54.554804	2024-03-12 16:25:54.554804	f
480	9	8	7	5	11	2	2024-03-12 16:25:54.554804	2024-03-12 16:25:54.554804	f
481	9	6	6	5	12	2	2024-03-12 16:25:54.554804	2024-03-12 16:25:54.554804	f
482	7	6	7	5	13	2	2024-03-12 16:25:54.554804	2024-03-12 16:25:54.554804	f
483	5	7	10	5	14	2	2024-03-12 16:25:54.554804	2024-03-12 16:25:54.554804	f
484	8	6	6	5	15	2	2024-03-12 16:25:54.554804	2024-03-12 16:25:54.554804	f
485	6	7	6	5	16	2	2024-03-12 16:25:54.554804	2024-03-12 16:25:54.554804	f
486	6	10	6	5	17	2	2024-03-12 16:25:54.554804	2024-03-12 16:25:54.554804	f
487	8	5	10	5	18	2	2024-03-12 16:25:54.554804	2024-03-12 16:25:54.554804	f
488	10	8	8	5	19	2	2024-03-12 16:25:54.554804	2024-03-12 16:25:54.554804	f
489	6	6	9	5	20	2	2024-03-12 16:25:54.554804	2024-03-12 16:25:54.554804	f
490	9	7	8	5	21	2	2024-03-12 16:25:54.554804	2024-03-12 16:25:54.554804	f
491	5	6	9	5	22	2	2024-03-12 16:25:54.554804	2024-03-12 16:25:54.554804	f
492	10	5	9	5	23	2	2024-03-12 16:25:54.554804	2024-03-12 16:25:54.554804	f
493	10	6	7	5	24	2	2024-03-12 16:25:54.554804	2024-03-12 16:25:54.554804	f
494	10	10	9	5	25	2	2024-03-12 16:25:54.554804	2024-03-12 16:25:54.554804	f
495	6	10	9	5	26	2	2024-03-12 16:25:54.554804	2024-03-12 16:25:54.554804	f
496	7	9	9	5	27	2	2024-03-12 16:25:54.554804	2024-03-12 16:25:54.554804	f
497	7	6	7	5	28	2	2024-03-12 16:25:54.554804	2024-03-12 16:25:54.554804	f
498	5	7	10	5	29	2	2024-03-12 16:25:54.554804	2024-03-12 16:25:54.554804	f
499	6	9	10	5	30	2	2024-03-12 16:25:54.554804	2024-03-12 16:25:54.554804	f
500	6	6	9	5	31	2	2024-03-12 16:25:54.554804	2024-03-12 16:25:54.554804	f
501	7	10	7	5	32	2	2024-03-12 16:25:54.554804	2024-03-12 16:25:54.554804	f
502	6	9	6	5	33	2	2024-03-12 16:25:54.554804	2024-03-12 16:25:54.554804	f
503	8	9	7	5	34	2	2024-03-12 16:25:54.554804	2024-03-12 16:25:54.554804	f
504	10	5	9	5	35	2	2024-03-12 16:25:54.554804	2024-03-12 16:25:54.554804	f
505	6	5	10	5	36	2	2024-03-12 16:25:54.554804	2024-03-12 16:25:54.554804	f
506	10	7	9	5	37	2	2024-03-12 16:25:54.554804	2024-03-12 16:25:54.554804	f
507	9	9	6	5	38	2	2024-03-12 16:25:54.554804	2024-03-12 16:25:54.554804	f
508	9	9	6	5	39	2	2024-03-12 16:25:54.554804	2024-03-12 16:25:54.554804	f
\.


--
-- Data for Name: user; Type: TABLE DATA; Schema: public; Owner: dev
--

COPY public."user" (id, address, name, avatar, background, role, phone, birthday, email, ssn, sex, user_uuid, create_at, update_at, deleted) FROM stdin;
2	hcm	Nguyen Duy Hung	https://i.imgur.com/PwqrcYG.png	\N	user	0852222222	2023-10-19 00:00:00	hung@gmail.com	095202095746	male	6786f59c-2131-4dfe-b16d-8cf086226a24	2024-01-25 09:16:14.354263	2024-01-25 09:16:14.354263	f
3	hcm	Tran Long Bien	\N	\N	user	0852222222	2023-10-19 00:00:00	abc@gmail.com	0952254246	male	8b8726a6-0319-4072-8bb6-9d8c68aff0b6	2024-01-25 09:16:14.357255	2024-01-25 09:16:14.357255	f
4	hcm	Báo Tuổi Trẻ	https://play-lh.googleusercontent.com/ABk3SvZrHnJSexMRGqZUXl5ua0UIFVBUbh738j66zAilUt8Xfy-wUlKnO6gdre_e5Bsk	\N	user	0852222222	2023-10-19 00:00:00	test3@gmail.com	242414432432141234	male	79531f6a-2c6f-46b4-af71-da499f908a26	2024-01-25 09:16:14.358588	2024-01-25 09:16:14.358588	f
5	hcm	Báo Thanh Niên	data:image/png;base64,iVBORw0KGgoAAAANSUhEUgAAAOEAAADhCAMAAAAJbSJIAAAA0lBMVEX///8Cntv+//0Altnx+/sGnd0AnNYAm90AmdcAnNqSz+sGnd4Amdn///sAl9sAm98AoNfQ7PTn9fc5rd1tweLd6/a53e96yOwApdzc8PSGxOxrvOkro9/5/P9ErePq9PlasuONy+uYzewAk9sAn9La7/Sp2fCIy+my1++63vB1wt34//lnutrY9/S74+2RzOKr3u3q+fOQ1uX3+P+14+at4/CR1e2Q1+ei1er///NaveMoqdAAqtvf6urt8P7Q7fNVtN58y+ROs+GJyNhIstR9wOslA1zMAAAGfUlEQVR4nO2Z/V/iNhzHk5SmLW3a8KSgVuRBPeUUnDuHqOO2c///v7SkaUvBssPXgbexz/sX0jbfJO/moWkhBAAAAAAAAAAAAAAAAAAAAAAAAAAAAAAAAAAAAAAAAAAAAAAAAAAAAAAAAAAAAAAAAAAAbAHxsxuwW5ho8hZh8c9ux+4Q12EoW2S0v4rN8HMtGt78eEGj23F1mfHk7tIkqiOV4ZeeTh9ddvIQRkb3QpBK53Y6/hb/Op58Oe/eq0kzisXFOMldfSB1U0Z1GjPC0ip6I6bCH38bT6/mdfIoSDwi46xS8WBCe/Xbfq/XnznD6nTmRNV+v9epjKcXt50uUbWOWMXkq17ON5un4mjAlxmcdV2TONEZZJAchC+LGNW21rghvcAJB/HhILRC+dScxKr+2TDSmQNf1NJiTwUR922Ttrq6TexkEDmB3T6sjYS4f04rPWbPlq8SQ+ulKh1nGPCQRz4dOpJbL7/LQWQFtPHQEUx0wzRkspkh63N7GT7rhElieKJveZvqDNSqLW4KmTy5IafqrOTxNdV4TjAcM3HsReq0x20yD0xpDaXB2n6SdutJeGMopWqh5zYmgp14ySXaJA0dattB6yGIbN+mNJLcp77vB616m9qUU88KzmqknpbsbmhI+h5dxjuuWyaV9GHbkSppuy2TXQ26WxnkMSE7DLI4h89nEU/SbVILzclTJljcNvmtxJA08pqsxk16ydGGuiLPbVVdv9geVXVX2nlI88Y1SfeAbdUwSA0fK02r0IAwPszjeWQ/+953DVmD5+F+FrypoQo54bs1rKvBNFy0oGgo1YBLDzY11GPvnYZ2Fr2pobgcBIHl8aQNnFqBFaw3jB8rz9HS7SgaFtjUMOetIZfpyket86JhzsaGtenFxcVrMn949KrS09vOOkNWaUT+Uvt2Zygj6SWotfSHDJlQsG8DXbocNNXhIzlfO0qbIeUfZMh5o2e4/rE+NByZSuVxclTeh4yJ2zCbNtTbtSENennztmzI1hiSRyb9obmS/e6XoRCTgJpVzrocR/tg6DzpOdpOlmdlGLPTVCb6TPruiqEtfSrzVX5h2CBC9X2pofxHQ9u5ZAkqomC4uDtbMLSlWlkPJE0NRS3tWu+ZvTXk8tqN8jYXDCcXk+mwzNA7fV08ed4a+sN+sgoKMbrPDL1ZY9GZ2xillFtBwJNm63nYS7uQfyoxDJ/IhL/tQxrxIAzTZq0YfhbjrKKyPgxmB580k3iUGQYHd1+zTeJ2DBdow/Rh71H1EtFfXUulTR5v9a5/xbDIiuGx2m5k7S3b03hBgjPKR2nwSYhGKHdl2E2nmTdTWcoMmfjDfZ/hSDx56w1pekNZ0ZDV5Xv3pRsbttLG6GpKDYmoBO81vAo3MBRFQ3Job81Qvf6p1zCfO8Zwkt67oEZKRik/0W9rf67uvKk9VCtWuWFTveRX+Pfenlb7UGQlb8EwkpHrulSma2k/NbTmrKQPefK6fOQ6K4Y8UitNFrm60pCYnG7Qh0uGpGJtzVAO561Wq03NytbNpKxOmaFMDHtm5S0+8eet83np81D3IRFf1/dhvtIsjdJ4lJa29T1Nt8pNNda5IG8NaTJKs8YVDPV33dI9jTKMhThbZ6ieFlcHmi9xpWjIGP05hmaU9rw3hmt3bdqQrTdUT3zTtsITPzEc7d6wU25ItmtY2LWJDzb0jo+Ovr36b0ZpYpg+wbdgWLbz/iBD6ntykH5T21NDTn3J99qwyA4N5WVcMSyehwdkjwxl9i7Wjs731JD76ddE9+XDDT212Ox+HmYUvgh/lOHpaeO1LVcN5f4YWjeMiUNn1bD9EYZXH2Ood22X9oqhZ0ap+/3/nv7jht6/1fCvwNK4Z4nh+SA5snx9iQ9clQytVjUIk7MDbdhMswzYoUmENLlTlimIk1qa4UQbyjSzMWynETNteJpempF2UpFltXqWqShFVd3ladV6HrLswrsMKxnLhyxP31XU+/hdPUG3smKS9coilBXLYXE3K1EIlpee/MudHY2WamZZRXFlGXUmD9Hb8CykG7/HkK38Jiz9icz0kfl+aS4a2HJmtpw/ObEoJsu9OMOyALHIw1YbropiJX9oi/cIEpZRPFxOs9I8rCxzMb9gbDWyEKJuV55mazD3bZGtUDUAAAAAAAAAAAAAAAAAAAAAAAAAAAAAAAAAAAAAAAAAAAAAAAAAAAAAAAAAAAAAAADw/+FvADDXw4Lxi+wAAAAASUVORK5CYII=	\N	user	0852222222	2023-10-19 00:00:00	test3@gmail.com	21342134241242134	male	8526ccfd-c106-432c-be6a-950dc7edb8e3	2024-01-25 09:16:14.362207	2024-01-25 09:16:14.362207	f
6	hcm	Khoa học và Đời sống	data:image/png;base64,iVBORw0KGgoAAAANSUhEUgAAACAAAAAgCAYAAABzenr0AAAG8ElEQVR4AaWVA5AjaxeG36+RdOyMZ23btm3/tm3bRvHaxtqezezc2bFtJ+k00v0tBrVTiwyeqraePnXqvIRSioeRzz+LvsDYLFDyS9ax7lTROHbMBT0UQl9gJy7Aw3CPvNgdh5joFPz4YWj6wX++wcXHVwr/n32B5rUAhKC/PCLAehMQC8LzAHhIF4qW80PaCmiwFVRRAGDwAnpHc+yHEv2InD2/OBqpA/KU0fLtwGjW5ijQg+HBC9BIjJdQCnBuhF4/ewgAomiFeDJ9j+ubB3+uFlQBhAyyAi3NMcrPQcnJFcT3A3tYuEAhQfww44j7+1/4OetjAF0bnADje3oP8EMTEXz9+GalttTGIxmAADkzb0TkwtVZxkmT0rTGDjwNNqaAzfbU7ofdA+l85jYKrfsJaBAhnr25R5gzJk0PNwEMM/AKICLiSRBBgFaaYxGPX9/MwQeAAiBgYUfkeMZm/XNbv0F4A6DrAxfQmmqf2Hz88EQEXzlzQGmoNHeWn95fHghIuTmj5KyadeY1iz/UquoHLkAc/icIAMTpg3ji1j4CtufjnTDQISP8/qWd5q3LP9QVFWDIAHvA48HjYOxWRBvrE6QL+UtZuHrK34kODl5ETmVsi2bnfQbtsko1bYBzoKUBj4O4jAi98P5hWSmHAamgkHtK0wmPSHmWS7ry0UbLpuVvRsvrADKQOaDQR6uv6eBAoRaXJfGwg3WSOmI1F4IISYzJ7AArp6tFlVN41cXKt4tXWw/vfpMJRwE6AAHIyqPlFwRIFzLn8KN9Gd7/HyDQePCpw6HmV2XpNZKHHeM9wA13NWqVlV41v+XbSiAtDiD1oPqjPTAqVhqa+Ue6nxuXgvb/v7Sz7b9vfmN44RsvRpVgRL6U/y/5Yu2Ejjffg2X1smcTjv9tbesPfvdj8eWMo4bUMQHz2nkvRasaAEL6VwFisaEXhAEIIKcVb9IRhlrVmGyYMrJQFNMmioHbUNAO99Sht6Rz57eKH2Ru7ShOt3LveA9Ydy56CYzWfwG9o7V3ydwOSNfTJ0rp2WM4xIOGwpSYLWBYQUdjFCZTSq1l2/IPQ8+/8Tk5oyhZQCKkiwXrNYl4DROmNenBUD8Fgm29Ri+bYEH4tdNHNXSAhx1gCKCogE7o/Tj2/OBLvyZM1BD+4NZyCgUs3FBCJUz45eP77V85+jda3Q4Q0ncBNmEouiEcB2IwQjyeuZuBFQAFoQQAhdba7jKvmiuaV0y/3PbX538RLWmOZ+EEoIGBBaG3Lxy0HVr5N72jsZdAzEEERkc3bLwT4sVrK+TiwhQWbgAUOgHAEGh1jX7H0fV/1lprPJEL2XM654KlKxtckC7mzJKzK0fwQ0cV623teBKPxla4vXMJtgIGBZEPrm7ToXTdSkBoV2Ma9AzTsgW/oMGInRg5noJFNwQ8omhB5HLmNjbODkAHCO1cYgnoEeXBQqNAtKwa4vHA9u6/fwChRC2rge3j+77LJIyTjFOnZgizh99giUUH9IcCyg3x7fNbpavvQA6cgpx++v4SW4BxJIOxJ4GfOBPS1dIdUnFOAgsbelAkhk0dBsKYVTVwIp4bM6bEsmX1O2yqqUVDsCcf7j8j3SpeoJYFJxrGTADrSbq/xBaAEYABgIWFeObGXtpr3gPgBI2xGtH2p7//VS0smQ82CjbOdoMfGVfVmZLoCSoNbVDz2ncZFi6AadyEe8vE2AJUDQK8imhpliVyIm09B3/vTGaYzv4gTLt0p3wJpDD45OGZwtLpl1iPvY1C7qkCByeCH1zb1PRRNloq69FcXoPYAo1NYHkK6WzaBqWx0szA3Dt6qQ6wHDiftzb82vn90domPztqkizMmHqJ8RtFDeGueyk42CDkVk37z9ffm/nDP2bgj7+9HluAGzoGxJOI8Fs3j3a/qIfuY0rBOq0dckGRN/TiiU8AABfvuyHMH5/Gcg4N0AAAOhg4qQx/TumxK20WBJqF2AJMagrUkqoU8VRgHQdP7w/fX3RKYPEBRgMhMCH4wslPQawC53VVmBdNO84NtTdq6EAnFEGYsaijZk+SUSUhtzO2AMQ6iCcvbFblehAY0Q0BCx0idKLqSuZl6HKLzCXEhcP56UMiH1xZRlJSwQ1NTedG+msptC5pghCMSA23eua2la9zsHJsAelqYHLotVNHKTRoCEJHEBpCUFANPsXXZFq8qgxyFLRZjApTRzQwYBA6d3UNZBlcSkqaMGv0TePo4Y0qGnqeBTowsSL/aFJdtTNmFsjXcmfSBs1nTppRTAROBgA9JFkE19CQ79nvbSZ2n2aYtQU23v/X0JvPt8ev+6ZZmLnoBb2uFYzJRM0rlvxPaxVNCGpLiMkoghAajsjOaR7jEDLeNBNAr2l0F3nTJcXPhBmfAAAAAElFTkSuQmCC	\N	user	0852222222	2023-10-19 00:00:00	test3@gmail.com	12342141243	male	1dc28fa1-d607-42fd-88f5-1ed1089d4f1a	2024-01-25 09:16:14.366647	2024-01-25 09:16:14.366647	f
7	hcm	Võ Quốc Bá Cẩn	https://hoc247.vn/images/avatar/instructor/2016/20160721/thumbnail/200x200/246_1475996104.jpg	\N	user	0852222222	2023-10-19 00:00:00	test3@gmail.com	231412424234214	male	1c7842db-b57d-4902-9966-f0f16cd67625	2024-01-25 09:16:14.370081	2024-01-25 09:16:14.370081	f
8	hcm	Diễn dàn Lịch sử	https://lichsuvn.net/trang-chu/wp-content/uploads/2019/06/cropped-logo.jpg	\N	user	0852222222	2023-10-19 00:00:00	test3@gmail.com	1234123434324	male	35fc9d97-8cec-4ae3-a5e1-8d624961805d	2024-01-25 09:16:14.373121	2024-01-25 09:16:14.373121	f
9	hcm	VnExpress	https://lichsuvn.net/trang-chu/wp-content/uploads/2019/06/cropped-logo.jpg	\N	user	0852222222	2023-10-19 00:00:00	test3@gmail.com	14312412342314	male	fab852de-c5b8-49de-8195-030e8e4c8bb8	2024-01-25 09:16:14.375827	2024-01-25 09:16:14.375827	f
11	hcm	Trần Thư	https://cloudflare-ipfs.com/ipfs/Qmd3W5DuhgHirLHGVixi6V76LhCkZUz6pnFt5AJBiyvHye/avatar/2.jpg	\N	user	0852222222	2023-10-19 00:00:00	test3@gmail.com	1234324142134	male	6f152a6b-482c-46be-8bee-ba29ae451e3a	2024-01-25 09:16:14.381649	2024-01-25 09:16:14.381649	f
12	hcm	Nguyễn Văn Bắc	https://cloudflare-ipfs.com/ipfs/Qmd3W5DuhgHirLHGVixi6V76LhCkZUz6pnFt5AJBiyvHye/avatar/1231.jpg	\N	user	0852222222	2023-10-19 00:00:00	test3@gmail.com	1242144322134124	male	1df905f9-d54b-4f50-adbe-e6d560556255	2024-01-25 09:16:14.383647	2024-01-25 09:16:14.383647	f
13	hcm	Nguyen Vinh	hhttps://cloudflare-ipfs.com/ipfs/Qmd3W5DuhgHirLHGVixi6V76LhCkZUz6pnFt5AJBiyvHye/avatar/104.jpg	\N	user	0852222222	2023-10-19 00:00:00	test3@gmail.com	123123423424	male	9c35842d-55ae-4772-b639-ae87c0dca03e	2024-01-25 09:16:14.384847	2024-01-25 09:16:14.384847	f
16	hcm	Y Thien Kiem	\N	\N	user	0852222222	2023-10-19 00:00:00	test3@gmail.com	03458412312	male	a3663306-40b8-4bb7-b124-4debfd3fbf1f	2024-01-25 09:16:14.389892	2024-01-25 09:16:14.389892	f
17	hcm	Giang Long Thap Bat Chuong	\N	\N	user	0852222222	2023-10-19 00:00:00	test3@gmail.com	3253453425325	male	bb6e8a0b-b452-4534-8b46-32573cca9ca6	2024-01-25 09:16:14.39144	2024-01-25 09:16:14.39144	f
18	hcm	Do Tien Dung	\N	\N	user	0852222222	2023-10-19 00:00:00	test3@gmail.com	2352353532	male	f1e28da3-9259-497b-b198-0c2d97566ae6	2024-01-25 09:16:14.392878	2024-01-25 09:16:14.392878	f
19	hcm	Bui Tien Dung	\N	\N	user	0852222222	2023-10-19 00:00:00	test3@gmail.com	2345352525	male	0bb63a7f-194f-4576-82e1-0eb8a63de9c8	2024-01-25 09:16:14.394209	2024-01-25 09:16:14.394209	f
20	hcm	Nguyen Ri Con	\N	\N	user	0852222222	2023-10-19 00:00:00	test3@gmail.com	23453252345235	male	21f9379c-aae5-4fa6-96f9-72c48aed9e01	2024-01-25 09:16:14.395983	2024-01-25 09:16:14.395983	f
21	hcm	Tran Rau Con	\N	\N	user	0852222222	2023-10-19 00:00:00	test3@gmail.com	1243214334	male	f21789f9-4184-4a1c-890a-550af69fd12b	2024-01-25 09:16:14.397333	2024-01-25 09:16:14.397333	f
22	hcm	Nguyen Duy Nhat	\N	\N	user	0852222222	2023-10-19 00:00:00	test3@gmail.com	1234123414	male	b05b9be4-e103-4294-bfdd-f333f84aeea6	2024-01-25 09:16:14.398914	2024-01-25 09:16:14.398914	f
23	hcm	Nguyen Duy Ton	\N	\N	user	0852222222	2023-10-19 00:00:00	test3@gmail.com	4532566565	male	840aab44-f43e-4bf4-8fa7-c32a2333d13f	2024-01-25 09:16:14.400894	2024-01-25 09:16:14.400894	f
24	hcm	Nguyen Duy Nga	\N	\N	user	0852222222	2023-10-19 00:00:00	test3@gmail.com	24652345345	male	283f1b15-e4e8-4f31-a3dc-ad8fa1c0f495	2024-01-25 09:16:14.402433	2024-01-25 09:16:14.402433	f
25	hcm	Nguyen Duy Hung Day	\N	\N	user	0852222222	2023-10-19 00:00:00	test3@gmail.com	3214234555443	male	1d79c1dd-6d73-436b-9efa-ddb1fcb69f2f	2024-01-25 09:16:14.405164	2024-01-25 09:16:14.405164	f
10	hcm	Nguyễn Hải Đăng	https://cloudflare-ipfs.com/ipfs/Qmd3W5DuhgHirLHGVixi6V76LhCkZUz6pnFt5AJBiyvHye/avatar/533.jpg	\N	parent	0852222222	2023-10-19 00:00:00	test3@gmail.com	3541242341234134	male	789bcba8-f935-4697-86d0-5480e9161c33	2024-01-25 09:16:14.37893	2024-01-25 09:16:14.37893	f
26	hcm	vana	\N	\N	admin	0987654321	2002-02-01 17:00:00	\N	12223123131	male	9d3a7c17-590d-4e26-9e8e-ecb67602444b	2024-03-24 15:11:23.875	2024-03-24 15:11:23.875	f
28	hcm	vanc	\N	\N	admin	13123123	2002-02-19 17:00:00	test@gmail.com		female	1f0a1799-25ee-4769-8b37-4a04019ffd35	2024-03-24 15:57:36.695	2024-03-24 15:57:36.695	f
29	hcm	vand	\N	\N	admin	0918273471	2002-02-19 17:00:00	a1223@gmail.com	91291	female	2780354b-f434-4d15-844f-a4d3d5d65346	2024-03-24 16:00:02.778	2024-03-24 16:00:02.778	f
30	hcm	thia	\N	\N	teacher	919393010	2002-02-19 17:00:00	thia@gmail.com	83838382992	female	64dc724c-7f34-45b9-82b7-ee296690c953	2024-03-24 16:03:03.46	2024-03-24 16:03:03.46	f
1	hcm	Pham Le Hoan Hao	https://cloudflare-ipfs.com/ipfs/Qmd3W5DuhgHirLHGVixi6V76LhCkZUz6pnFt5AJBiyvHye/avatar/824.jpg	\N	student	0912967100	2023-10-19 00:00:00	hao@gmail.com	0123123123	male	e1a9741e-bc92-4039-957d-bbad3cc34134	2024-01-25 09:16:14.347235	2024-01-25 09:16:14.347235	f
31	hcm	thib	\N	\N	teacher	20334239	2001-03-13 17:00:00	thib@gmail.com	8484758392	female	7d6fa0aa-2dcd-4e6d-838a-636fc017360f	2024-03-24 16:11:39.328	2024-03-24 16:11:39.328	f
14	hcm	Nguyen Van Chien	\N	\N	admin	0852222222	2023-10-19 00:00:00	test2@gmail.com	0562126746	male	456c15f7-ba65-4a48-b3e8-03dc9ca2ed8d	2024-01-25 09:16:14.386562	2024-01-25 09:16:14.386562	f
15	hcm	Do Long Dao	https://cloudflare-ipfs.com/ipfs/Qmd3W5DuhgHirLHGVixi6V76LhCkZUz6pnFt5AJBiyvHye/avatar/104.jpg	\N	teacher	0852222223	2023-10-19 00:00:00	test3@gmail.com	05668495746	male	be86edee-a3ff-4974-aa6c-7e81a943661e	2024-01-25 09:16:14.388	2024-01-25 09:16:14.388	f
27	hcm	vanb	\N	\N	admin	0123412312	2000-11-19 17:00:00	test444@gmail.com	8739373738	female	2bfa1d03-d5a5-4436-9e7c-21d30aa9d718	2024-03-24 15:43:57.217	2024-03-24 15:43:57.217	f
32	hcm	thic	\N	\N	teacher	123112351	1999-01-10 17:00:00	thic@gmail.com	8584820200	female	f173aa79-12a8-4f62-b95a-525a1426a835	2024-03-24 16:14:57.114	2024-03-24 16:14:57.114	f
33	hcm	test hs	\N	\N	student	1293193879	2008-11-10 17:00:00	tesths@gmail.com	9347934739479	female	16ced338-9761-4dae-a9a1-b361ecabfed6	2024-03-24 16:41:42.694	2024-03-24 16:41:42.694	f
35	hcm	test hs	\N	\N	student	1293193879	2008-11-10 17:00:00	tesths@gmail.com	934793479479	female	e0576292-8edc-45bf-bd10-28675bc86f0b	2024-03-24 16:44:38.212	2024-03-24 16:44:38.212	f
36	hcm	t1	\N	\N	student	1381000131	2000-11-10 17:00:00	t1@gmail.com	19313141519591	female	e506de07-e2be-4d8e-96f7-af89316271db	2024-03-24 16:45:55.8	2024-03-24 16:45:55.8	f
\.


--
-- Name: calendar_id_seq; Type: SEQUENCE SET; Schema: public; Owner: dev
--

SELECT pg_catalog.setval('public.calendar_id_seq', 8, true);


--
-- Name: classroom_id_seq; Type: SEQUENCE SET; Schema: public; Owner: dev
--

SELECT pg_catalog.setval('public.classroom_id_seq', 94, true);


--
-- Name: document_id_seq; Type: SEQUENCE SET; Schema: public; Owner: dev
--

SELECT pg_catalog.setval('public.document_id_seq', 5, true);


--
-- Name: group_id_seq; Type: SEQUENCE SET; Schema: public; Owner: dev
--

SELECT pg_catalog.setval('public.group_id_seq', 3, true);


--
-- Name: notification_id_seq; Type: SEQUENCE SET; Schema: public; Owner: dev
--

SELECT pg_catalog.setval('public.notification_id_seq', 1, true);


--
-- Name: post_id_seq; Type: SEQUENCE SET; Schema: public; Owner: dev
--

SELECT pg_catalog.setval('public.post_id_seq', 38, true);


--
-- Name: post_summarization_id_seq; Type: SEQUENCE SET; Schema: public; Owner: dev
--

SELECT pg_catalog.setval('public.post_summarization_id_seq', 1, false);


--
-- Name: post_tag_id_seq; Type: SEQUENCE SET; Schema: public; Owner: dev
--

SELECT pg_catalog.setval('public.post_tag_id_seq', 1, false);


--
-- Name: school_id_seq; Type: SEQUENCE SET; Schema: public; Owner: dev
--

SELECT pg_catalog.setval('public.school_id_seq', 50, true);


--
-- Name: subject_id_seq; Type: SEQUENCE SET; Schema: public; Owner: dev
--

SELECT pg_catalog.setval('public.subject_id_seq', 39, true);


--
-- Name: transcript_id_seq; Type: SEQUENCE SET; Schema: public; Owner: dev
--

SELECT pg_catalog.setval('public.transcript_id_seq', 508, true);


--
-- Name: user_id_seq; Type: SEQUENCE SET; Schema: public; Owner: dev
--

SELECT pg_catalog.setval('public.user_id_seq', 36, true);


--
-- Name: account account_pkey; Type: CONSTRAINT; Schema: public; Owner: dev
--

ALTER TABLE ONLY public.account
    ADD CONSTRAINT account_pkey PRIMARY KEY (id);


--
-- Name: account account_username_key; Type: CONSTRAINT; Schema: public; Owner: dev
--

ALTER TABLE ONLY public.account
    ADD CONSTRAINT account_username_key UNIQUE (username);


--
-- Name: admin admin_pkey; Type: CONSTRAINT; Schema: public; Owner: dev
--

ALTER TABLE ONLY public.admin
    ADD CONSTRAINT admin_pkey PRIMARY KEY (id);


--
-- Name: calendar calendar_pkey; Type: CONSTRAINT; Schema: public; Owner: dev
--

ALTER TABLE ONLY public.calendar
    ADD CONSTRAINT calendar_pkey PRIMARY KEY (id);


--
-- Name: classroom classroom_pkey; Type: CONSTRAINT; Schema: public; Owner: dev
--

ALTER TABLE ONLY public.classroom
    ADD CONSTRAINT classroom_pkey PRIMARY KEY (id);


--
-- Name: document document_pkey; Type: CONSTRAINT; Schema: public; Owner: dev
--

ALTER TABLE ONLY public.document
    ADD CONSTRAINT document_pkey PRIMARY KEY (id);


--
-- Name: follow follow_pkey; Type: CONSTRAINT; Schema: public; Owner: dev
--

ALTER TABLE ONLY public.follow
    ADD CONSTRAINT follow_pkey PRIMARY KEY (followed_id, follower_id, follow_times);


--
-- Name: group group_pkey; Type: CONSTRAINT; Schema: public; Owner: dev
--

ALTER TABLE ONLY public."group"
    ADD CONSTRAINT group_pkey PRIMARY KEY (id);


--
-- Name: interact interact_pkey; Type: CONSTRAINT; Schema: public; Owner: dev
--

ALTER TABLE ONLY public.interact
    ADD CONSTRAINT interact_pkey PRIMARY KEY (user_id, post_id);


--
-- Name: learn learn_pkey; Type: CONSTRAINT; Schema: public; Owner: dev
--

ALTER TABLE ONLY public.learn
    ADD CONSTRAINT learn_pkey PRIMARY KEY (class_id, subject_id, teacher_id);


--
-- Name: member member_pkey; Type: CONSTRAINT; Schema: public; Owner: dev
--

ALTER TABLE ONLY public.member
    ADD CONSTRAINT member_pkey PRIMARY KEY (user_id, group_id);


--
-- Name: notification notification_pkey; Type: CONSTRAINT; Schema: public; Owner: dev
--

ALTER TABLE ONLY public.notification
    ADD CONSTRAINT notification_pkey PRIMARY KEY (id);


--
-- Name: of of_pkey; Type: CONSTRAINT; Schema: public; Owner: dev
--

ALTER TABLE ONLY public.of
    ADD CONSTRAINT of_pkey PRIMARY KEY (student_id, class_id);


--
-- Name: parent parent_pkey; Type: CONSTRAINT; Schema: public; Owner: dev
--

ALTER TABLE ONLY public.parent
    ADD CONSTRAINT parent_pkey PRIMARY KEY (id);


--
-- Name: post post_pkey; Type: CONSTRAINT; Schema: public; Owner: dev
--

ALTER TABLE ONLY public.post
    ADD CONSTRAINT post_pkey PRIMARY KEY (id);


--
-- Name: post_summarization post_summarization_pkey; Type: CONSTRAINT; Schema: public; Owner: dev
--

ALTER TABLE ONLY public.post_summarization
    ADD CONSTRAINT post_summarization_pkey PRIMARY KEY (id);


--
-- Name: post_tag post_tag_pkey; Type: CONSTRAINT; Schema: public; Owner: dev
--

ALTER TABLE ONLY public.post_tag
    ADD CONSTRAINT post_tag_pkey PRIMARY KEY (id);


--
-- Name: school school_pkey; Type: CONSTRAINT; Schema: public; Owner: dev
--

ALTER TABLE ONLY public.school
    ADD CONSTRAINT school_pkey PRIMARY KEY (id);


--
-- Name: student student_pkey; Type: CONSTRAINT; Schema: public; Owner: dev
--

ALTER TABLE ONLY public.student
    ADD CONSTRAINT student_pkey PRIMARY KEY (id);


--
-- Name: subject subject_pkey; Type: CONSTRAINT; Schema: public; Owner: dev
--

ALTER TABLE ONLY public.subject
    ADD CONSTRAINT subject_pkey PRIMARY KEY (id);


--
-- Name: teacher teacher_pkey; Type: CONSTRAINT; Schema: public; Owner: dev
--

ALTER TABLE ONLY public.teacher
    ADD CONSTRAINT teacher_pkey PRIMARY KEY (id);


--
-- Name: transcript transcript_pkey; Type: CONSTRAINT; Schema: public; Owner: dev
--

ALTER TABLE ONLY public.transcript
    ADD CONSTRAINT transcript_pkey PRIMARY KEY (id);


--
-- Name: user user_pkey; Type: CONSTRAINT; Schema: public; Owner: dev
--

ALTER TABLE ONLY public."user"
    ADD CONSTRAINT user_pkey PRIMARY KEY (id);


--
-- Name: user user_ssn_key; Type: CONSTRAINT; Schema: public; Owner: dev
--

ALTER TABLE ONLY public."user"
    ADD CONSTRAINT user_ssn_key UNIQUE (ssn);


--
-- Name: account account_id_fkey; Type: FK CONSTRAINT; Schema: public; Owner: dev
--

ALTER TABLE ONLY public.account
    ADD CONSTRAINT account_id_fkey FOREIGN KEY (id) REFERENCES public."user"(id);


--
-- Name: admin admin_id_fkey; Type: FK CONSTRAINT; Schema: public; Owner: dev
--

ALTER TABLE ONLY public.admin
    ADD CONSTRAINT admin_id_fkey FOREIGN KEY (id) REFERENCES public."user"(id);


--
-- Name: admin admin_school_id_fkey; Type: FK CONSTRAINT; Schema: public; Owner: dev
--

ALTER TABLE ONLY public.admin
    ADD CONSTRAINT admin_school_id_fkey FOREIGN KEY (school_id) REFERENCES public.school(id);


--
-- Name: admin admin_school_id_fkey1; Type: FK CONSTRAINT; Schema: public; Owner: dev
--

ALTER TABLE ONLY public.admin
    ADD CONSTRAINT admin_school_id_fkey1 FOREIGN KEY (school_id) REFERENCES public.school(id);


--
-- Name: calendar calendar_user_id_fkey; Type: FK CONSTRAINT; Schema: public; Owner: dev
--

ALTER TABLE ONLY public.calendar
    ADD CONSTRAINT calendar_user_id_fkey FOREIGN KEY (user_id) REFERENCES public."user"(id);


--
-- Name: classroom classroom_school_id_fkey; Type: FK CONSTRAINT; Schema: public; Owner: dev
--

ALTER TABLE ONLY public.classroom
    ADD CONSTRAINT classroom_school_id_fkey FOREIGN KEY (school_id) REFERENCES public.school(id);


--
-- Name: document document_class_id_fkey; Type: FK CONSTRAINT; Schema: public; Owner: dev
--

ALTER TABLE ONLY public.document
    ADD CONSTRAINT document_class_id_fkey FOREIGN KEY (class_id) REFERENCES public.classroom(id);


--
-- Name: document document_class_id_fkey1; Type: FK CONSTRAINT; Schema: public; Owner: dev
--

ALTER TABLE ONLY public.document
    ADD CONSTRAINT document_class_id_fkey1 FOREIGN KEY (class_id) REFERENCES public.classroom(id);


--
-- Name: document document_class_id_fkey2; Type: FK CONSTRAINT; Schema: public; Owner: dev
--

ALTER TABLE ONLY public.document
    ADD CONSTRAINT document_class_id_fkey2 FOREIGN KEY (class_id) REFERENCES public.classroom(id);


--
-- Name: document document_subject_id_fkey; Type: FK CONSTRAINT; Schema: public; Owner: dev
--

ALTER TABLE ONLY public.document
    ADD CONSTRAINT document_subject_id_fkey FOREIGN KEY (subject_id) REFERENCES public.subject(id);


--
-- Name: document document_teacher_id_fkey; Type: FK CONSTRAINT; Schema: public; Owner: dev
--

ALTER TABLE ONLY public.document
    ADD CONSTRAINT document_teacher_id_fkey FOREIGN KEY (teacher_id) REFERENCES public.teacher(id);


--
-- Name: follow follow_followed_id_fkey; Type: FK CONSTRAINT; Schema: public; Owner: dev
--

ALTER TABLE ONLY public.follow
    ADD CONSTRAINT follow_followed_id_fkey FOREIGN KEY (followed_id) REFERENCES public."user"(id);


--
-- Name: follow follow_follower_id_fkey; Type: FK CONSTRAINT; Schema: public; Owner: dev
--

ALTER TABLE ONLY public.follow
    ADD CONSTRAINT follow_follower_id_fkey FOREIGN KEY (follower_id) REFERENCES public."user"(id);


--
-- Name: interact interact_post_id_fkey; Type: FK CONSTRAINT; Schema: public; Owner: dev
--

ALTER TABLE ONLY public.interact
    ADD CONSTRAINT interact_post_id_fkey FOREIGN KEY (post_id) REFERENCES public.post(id);


--
-- Name: interact interact_user_id_fkey; Type: FK CONSTRAINT; Schema: public; Owner: dev
--

ALTER TABLE ONLY public.interact
    ADD CONSTRAINT interact_user_id_fkey FOREIGN KEY (user_id) REFERENCES public."user"(id);


--
-- Name: learn learn_class_id_fkey; Type: FK CONSTRAINT; Schema: public; Owner: dev
--

ALTER TABLE ONLY public.learn
    ADD CONSTRAINT learn_class_id_fkey FOREIGN KEY (class_id) REFERENCES public.classroom(id);


--
-- Name: learn learn_subject_id_fkey; Type: FK CONSTRAINT; Schema: public; Owner: dev
--

ALTER TABLE ONLY public.learn
    ADD CONSTRAINT learn_subject_id_fkey FOREIGN KEY (subject_id) REFERENCES public.subject(id);


--
-- Name: learn learn_teacher_id_fkey; Type: FK CONSTRAINT; Schema: public; Owner: dev
--

ALTER TABLE ONLY public.learn
    ADD CONSTRAINT learn_teacher_id_fkey FOREIGN KEY (teacher_id) REFERENCES public.teacher(id);


--
-- Name: member member_group_id_fkey; Type: FK CONSTRAINT; Schema: public; Owner: dev
--

ALTER TABLE ONLY public.member
    ADD CONSTRAINT member_group_id_fkey FOREIGN KEY (group_id) REFERENCES public."group"(id);


--
-- Name: member member_user_id_fkey; Type: FK CONSTRAINT; Schema: public; Owner: dev
--

ALTER TABLE ONLY public.member
    ADD CONSTRAINT member_user_id_fkey FOREIGN KEY (user_id) REFERENCES public."user"(id);


--
-- Name: notification notification_user_id_fkey; Type: FK CONSTRAINT; Schema: public; Owner: dev
--

ALTER TABLE ONLY public.notification
    ADD CONSTRAINT notification_user_id_fkey FOREIGN KEY (user_id) REFERENCES public."user"(id);


--
-- Name: of of_class_id_fkey; Type: FK CONSTRAINT; Schema: public; Owner: dev
--

ALTER TABLE ONLY public.of
    ADD CONSTRAINT of_class_id_fkey FOREIGN KEY (class_id) REFERENCES public.classroom(id);


--
-- Name: of of_student_id_fkey; Type: FK CONSTRAINT; Schema: public; Owner: dev
--

ALTER TABLE ONLY public.of
    ADD CONSTRAINT of_student_id_fkey FOREIGN KEY (student_id) REFERENCES public.student(id);


--
-- Name: parent parent_id_fkey; Type: FK CONSTRAINT; Schema: public; Owner: dev
--

ALTER TABLE ONLY public.parent
    ADD CONSTRAINT parent_id_fkey FOREIGN KEY (id) REFERENCES public."user"(id);


--
-- Name: post post_group_id_fkey; Type: FK CONSTRAINT; Schema: public; Owner: dev
--

ALTER TABLE ONLY public.post
    ADD CONSTRAINT post_group_id_fkey FOREIGN KEY (group_id) REFERENCES public."group"(id);


--
-- Name: post post_parent_post_id_fkey; Type: FK CONSTRAINT; Schema: public; Owner: dev
--

ALTER TABLE ONLY public.post
    ADD CONSTRAINT post_parent_post_id_fkey FOREIGN KEY (parent_post_id) REFERENCES public.post(id);


--
-- Name: post_summarization post_summarization_id_fkey; Type: FK CONSTRAINT; Schema: public; Owner: dev
--

ALTER TABLE ONLY public.post_summarization
    ADD CONSTRAINT post_summarization_id_fkey FOREIGN KEY (id) REFERENCES public.post(id);


--
-- Name: post_tag post_tag_post_id_fkey; Type: FK CONSTRAINT; Schema: public; Owner: dev
--

ALTER TABLE ONLY public.post_tag
    ADD CONSTRAINT post_tag_post_id_fkey FOREIGN KEY (post_id) REFERENCES public.post(id);


--
-- Name: post post_user_id_fkey; Type: FK CONSTRAINT; Schema: public; Owner: dev
--

ALTER TABLE ONLY public.post
    ADD CONSTRAINT post_user_id_fkey FOREIGN KEY (user_id) REFERENCES public."user"(id);


--
-- Name: student student_id_fkey; Type: FK CONSTRAINT; Schema: public; Owner: dev
--

ALTER TABLE ONLY public.student
    ADD CONSTRAINT student_id_fkey FOREIGN KEY (id) REFERENCES public."user"(id);


--
-- Name: student student_parent_id_fkey; Type: FK CONSTRAINT; Schema: public; Owner: dev
--

ALTER TABLE ONLY public.student
    ADD CONSTRAINT student_parent_id_fkey FOREIGN KEY (parent_id) REFERENCES public.parent(id);


--
-- Name: student student_school_id_fkey; Type: FK CONSTRAINT; Schema: public; Owner: dev
--

ALTER TABLE ONLY public.student
    ADD CONSTRAINT student_school_id_fkey FOREIGN KEY (school_id) REFERENCES public.school(id);


--
-- Name: teacher teacher_id_fkey; Type: FK CONSTRAINT; Schema: public; Owner: dev
--

ALTER TABLE ONLY public.teacher
    ADD CONSTRAINT teacher_id_fkey FOREIGN KEY (id) REFERENCES public."user"(id);


--
-- Name: teacher teacher_school_id_fkey; Type: FK CONSTRAINT; Schema: public; Owner: dev
--

ALTER TABLE ONLY public.teacher
    ADD CONSTRAINT teacher_school_id_fkey FOREIGN KEY (school_id) REFERENCES public.school(id);


--
-- Name: transcript transcript_student_id_fkey; Type: FK CONSTRAINT; Schema: public; Owner: dev
--

ALTER TABLE ONLY public.transcript
    ADD CONSTRAINT transcript_student_id_fkey FOREIGN KEY (student_id) REFERENCES public.student(id);


--
-- Name: transcript transcript_subject_id_fkey; Type: FK CONSTRAINT; Schema: public; Owner: dev
--

ALTER TABLE ONLY public.transcript
    ADD CONSTRAINT transcript_subject_id_fkey FOREIGN KEY (subject_id) REFERENCES public.subject(id);


--
-- PostgreSQL database dump complete
--

